No,old_name,Solvent,CAS,dD,dP,dH,Tb,CHO
1,"1,1,1,2-Tetrachloroethane","1,1,1,2-Tetrachloroethane",630-20-6,18,4.4,4.2,,False
2,"1,1,1-Trichloroethane","1,1,1-Trichloroethane",71-55-6,16.8,4.3,2,,False
3,"1,1,1-Trifluoroethane","1,1,1-Trifluoroethane",420-46-2,14.6,10,0,,False
4,"1,1,2,2-Tetrabromoethane","1,1,2,2-Tetrabromoethane",79-27-6,21,7,8.2,,False
5,"1,1,2,2-Tetrachloroethane","1,1,2,2-Tetrachloroethane",79-34-5,18.8,5.1,5.3,,False
6,"1,1,2,2-Tetrachloropropane","1,1,2,2-Tetrachloropropane",13116-60-4,17.9,6.7,3.3,,False
7,"1,1,2-Tribromo Ethylene","1,1,2-Tribromoethylene",598-16-3,18.3,9.4,8,,False
8,"1,1,2-Trichloro Propene","1,1,2-Trichloropropene",21400-25-9,17.7,15.7,3.4,,False
9,"1,1,2-Trichloroethane","1,1,2-Trichloroethane",79-00-5,18.2,5.3,6.8,,False
10,"1,1,2-Trichlorotrifluoroethane (Freon113)","1,1,2-Trichlorotrifluoroethane (Freon 113)",76-13-1,14.7,1.6,0,,False
11,"1,1,3,3-Tetramethoxypropane","1,1,3,3-Tetramethoxypropane",102-52-3,15,7.1,6.8,,True
12,"1,1-Diallyloxyethane","1,1-Diallyloxyethane",20682-69-3,15.4,5.1,4.8,,True
13,"1,1-Dibromoethane","1,1-Dibromoethane",557-91-5,18.5,8.4,8.8,,False
14,"1,1-Dibromoethylene","1,1-Dibromoethylene",593-92-0,16.2,4.8,7,,False
15,"1,1-Dichloro-1-Nitroethane","1,1-Dichloro-1-nitroethane",594-72-9,16.8,12.1,4.3,,False
16,"1,1-Dichloroacetone","1,1-Dichloroacetone",513-88-2,17.1,7.6,5.4,,False
17,"1,1-Dichloroethane","1,1-Dichloroethane",75-34-3,16.5,7.8,3,,False
18,"1,1-Dichloroethylene","1,1-Dichloroethylene",75-35-4,16.4,5.2,2.4,,False
19,"1,1-Dichloropropane","1,1-Dichloropropane",78-99-9,16.1,7.8,3.5,,False
20,"1,1-Dichloropropene","1,1-Dichloropropene",563-58-6,16.9,6.7,2.9,,False
21,"1,1-Diethoxy Butane","1,1-Diethoxybutane",3658-95-5,15.4,4.9,4.6,,True
22,"1,1-Diethoxy Ethane","1,1-Diethoxyethane",105-57-7,15,3.4,4,,True
23,"1,1-Difluoroethane","1,1-Difluoroethane",75-37-6,14.9,9.3,2.9,,False
24,"1,1-Difluoroethylene","1,1-Difluoroethylene",75-38-7,15,5.7,3.6,,False
25,"1,1-Dimethoxy Ethane","1,1-Dimethoxyethane",534-15-6,15.1,4.9,4.9,,True
26,"1,1-Dimethyl Hydrazine","1,1-Dimethylhydrazine",57-14-7,15.3,5.9,11,,False
27,"1,2,3,4-Tetramethylbenzene","1,2,3,4-Tetramethylbenzene",488-23-3,18.8,0.5,0.5,,False
28,"1,2,3,5-Tetramethylbenzene","1,2,3,5-Tetramethylbenzene",527-53-7,18.6,0.5,0.5,,False
29,"1,2,3-Benzotriazole","1,2,3-Benzotriazole",95-14-7,18.7,15.6,12.4,,False
30,"1,2,3-Triazole","1,2,3-Triazole",288-36-8,20.7,8.8,15,,False
31,"1,2,3-Trichloro Propene","1,2,3-Trichloropropene",96-19-5,17.8,7.8,3.4,,False
32,"1,2,3-Trichloropropane","1,2,3-Trichloropropane",96-18-4,17.8,12.3,3.4,,False
33,"1,2,4,5-Tetrachlorobenzene","1,2,4,5-Tetrachlorobenzene",95-94-3,21.2,10.7,3.4,,False
34,"1,2,4-Trichlorobenzene","1,2,4-Trichlorobenzene",120-82-1,20.2,4.2,3.2,,False
35,"1,2-Butadiene","1,2-Butadiene",590-19-2,15,1.7,6.2,,False
36,"1,2-Chlorobromoethylene","1,2-Chlorobromoethylene",3018-09-05,17.2,6.6,2.3,,False
37,"1,2-Cyclohexanediol","1,2-Cyclohexanediol",931-17-9,17.4,9.8,18.3,,True
38,"1,2-Cyclohexanedione","1,2-Cyclohexanedione",765-87-7,18.6,10.3,8,,True
39,"1,2-Dibromoethylene","1,2-Dibromoethylene",540-49-8,17,4.9,3,,False
40,"1,2-Dichloroethylene (Cis)","cis-1,2-Dichloroethylene",156-59-2,17,8,3.2,,False
41,"1,2-Dichloropropane","1,2-Dichloropropane",78-87-5,17.3,7.1,2.9,,False
42,"1,2-Dichloropropene (Cis)","cis-1,2-Dichloropropene",6923-20-2,17,8.5,2.9,,False
43,"1,2-Dichlorotetrafluoroethane (Freon 114)","1,2-Dichlorotetrafluoroethane (Freon 114)",76-14-2,12.6,1.8,0,,False
44,"1,2-Dichlorovinyl Ethyl Ether","1,2-Dichlorovinyl ethyl ether",42345-82-4,16.9,10.5,6,,False
45,"1,2-Diethyl Benzene","1,2-Diethylbenzene",0135-01-03,17.7,0.1,1,,False
46,"1,2-Dihydroxybenzene (Catechol)","1,2-Dihydroxybenzene (Catechol)",120-80-9,20,11.3,21.8,,True
47,"1,2-Dimethoxybenzene","1,2-Dimethoxybenzene",91-16-7,19.2,4.4,9.4,,True
48,"1,2-Dinitrobenzene","1,2-Dinitrobenzene",528-29-0,20.6,11.6,3.9,,False
49,"1,2-Epoxy-2-Propene","1,2-Epoxy-2-propene",40079-14-9,16.5,8.6,6.7,,True
50,"1,2-Ethane Dithiol","1,2-Ethanedithiol",540-63-6,17.9,7.2,8.7,,False
51,"1,2-Methylenedioxybenzene (G.C.)","1,2-Methylenedioxybenzene",0274-09-09,19,6.7,5.9,,True
52,"1,2-Propadiene (Allene)","1,2-Propadiene (Allene)",463-49-0,15.3,3,6.8,,False
53,"1,3,5-Trioxane","1,3,5-Trioxane",110-88-3,18.7,9.2,8.6,,True
54,"1,3-Benzenediol","1,3-Benzenediol",108-46-3,18.6,8.1,20.3,,True
55,"1,3-Bis(Trifluoromethyl)Benzene","1,3-Bis(trifluoromethyl)benzene",402-31-3,17,6.8,0,,False
56,"1,3-Butadiene","1,3-Butadiene",106-99-0,14.8,2.8,5.6,,False
57,"1,3-Butadiene-1,2-Di-Chloro","1,3-Butadiene-1,2-dichloro",3574-40-1,17,10.7,2.8,,False
58,"1,3-Butadiene-1-Chloro","1,3-Butadiene-1-chloro",627-22-5,15.6,8.5,2,,False
59,"1,3-Butanediol","1,3-Butanediol",107-88-0,16.5,8.1,20.9,,True
60,"1,3-Dichloro Propane","1,3-Dichloropropane",142-28-9,18,8.2,3,,False
61,"1,3-Dichloro-2-Butene","1,3-Dichloro-2-butene",926-57-8,16.9,7.8,2.7,,False
62,"1,3-Dichloro-2-Fluorobenzene","1,3-Dichloro-2-fluorobenzene",2268-05-05,19.4,9.1,2.7,,False
63,"1,3-Dichloro-2-Propanol","1,3-Dichloro-2-propanol",96-23-1,17.5,9.9,14.6,,False
64,"1,3-Dimethoxy Butane","1,3-Dimethoxybutane",10143-66-5,15.6,5.5,5.2,,True
65,"1,3-Dioxolane","1,3-Dioxolane",646-06-0,18.1,6.6,9.3,,True
66,"1,3-Pentadiene (Trans)","trans-1,3-Pentadiene",2004-70-8,15,2.5,4,,False
67,"1,3-Propane Sultone","1,3-Propane sultone",1120-71-4,18.4,16,9,,False
68,"1,3-Propanediol (Trimethyleneglycol)","1,3-Propanediol (Trimethyleneglycol)",504-63-2,16.8,13.5,23.2,,True
69,"1,4-Butandiol Diacrylate","1,4-Butanediol diacrylate",1070-70-8,16.8,9.1,4.2,,True
70,"1,4-Butanediol","1,4-Butanediol",110-63-4,16.6,11,20.9,,True
71,"1,4-Dichloro-2-Butene","1,4-Dichloro-2-butene",764-41-0,17.8,7.6,2,,False
72,"1,4-Dichlorobutane","1,4-Dichlorobutane",110-56-5,18.3,7.7,2.8,,False
73,"1,4-Dihydroxybenzene (1,4-Benzenediol)","1,4-Dihydroxybenzene (Hydroquinone)",123-31-9,21,10.2,27.2,,True
74,"1,4-Dioxane","1,4-Dioxane",123-91-1,17.5,1.8,9,,True
75,"1,4-Dioxane (High P)","1,4-Dioxane (High Purity)",123-91-1,17.1,6.8,7.8,,True
76,"1,4-Thioxane","1,4-Thioxane",15980-15-1,19,6.6,7.7,,False
77,"1,5-Dichloropentane","1,5-Dichloropentane",628-76-2,18,7.8,1.5,,False
78,"1,8-Cineole (Eucalyptol)","1,8-Cineole (Eucalyptol)",470-82-6,16.7,4.6,3.4,,True
79,"1,9-Nonanediol","1,9-Nonanediol",3937-56-2,15.7,7,15.1,,True
80,"1-Acetoxy-1,3-Butadiene","1-Acetoxy-1,3-butadiene",1515-76-0,16.1,4.4,8.3,,True
81,1-Aminocyclopropane Carboxylic Acid,1-Aminocyclopropanecarboxylic acid,22059-21-8,17,6.3,13.6,,False
82,1-Bromo Propene (Cis),cis-1-Bromopropene,590-13-6,16.3,6.4,5,,False
83,1-Bromo-4-Ethoxy Benzene,1-Bromo-4-ethoxybenzene,588-96-5,19.5,7.7,5.3,,False
84,1-Bromonaphthalene,1-Bromonaphthalene,1990-11-09,20.6,3.1,4.1,,False
85,1-Bromopropane,1-Bromopropane,106-94-5,16.4,7.9,4.8,,False
86,1-Butanethiol,1-Butanethiol,109-79-5,16.3,5.3,4.5,,False
87,1-Butanol,1-Butanol,71-36-3,16,5.7,15.8,,True
88,1-Butene,1-Butene,106-98-9,13.2,1.3,3.9,,False
89,1-Butenyl Methyl Ether,1-Butenyl methyl ether,4696-30-4,15.1,5.3,5.2,,True
90,1-Chloro Pentane,1-Chloropentane,543-59-9,16,6.9,1.9,,False
91,1-Chloro Vinyl Ethyl Ether,1-Chlorovinyl ethyl ether,54722-81-5,16.8,6.5,5.7,,False
92,1-Chloro-1-Fluoro Ethylene,1-Chloro-1-fluoroethylene,2317-91-1,16,6.9,4,,False
93,1-Chloro-1-Nitroethane,1-Chloro-1-nitroethane,598-92-5,16.8,13.5,4.7,,False
94,1-Chloro-1-Nitropropane,1-Chloro-1-nitropropane,600-25-9,16.8,13,4.5,,False
95,1-Chloro-2-Butene,1-Chloro-2-butene,591-97-9,16.2,7.7,2,,False
96,1-Chloro-2-Ethoxy Benzene,1-Chloro-2-ethoxybenzene,614-72-2,19.2,8.1,4.4,,False
97,1-Chloro-2-Ethyl Benzene,1-Chloro-2-ethylbenzene,89-96-3,18.9,4.9,2.2,,False
98,1-Chloro-2-Methyl Propene,1-Chloro-2-methylpropene,513-37-1,16.1,7.1,4.2,,False
99,1-Chloro-4-Ethoxy Benzene,1-Chloro-4-ethoxybenzene,622-61-7,19.3,6.3,4.4,,False
100,1-Chlorobutane,1-Chlorobutane,109-69-3,16.2,5.5,2,,False
101,1-Chlorohexane,1-Chlorohexane,0544-10-05,16.1,6.2,1.7,,False
102,1-Chloronaphthalene,1-Chloronaphthalene,90-13-1,20.5,4.9,2.5,,False
103,1-Chloropropene,1-Chloropropene,590-21-6,15.3,6.9,2.2,,False
104,1-Decanol,1-Decanol,112-30-1,16,4.7,10.5,,True
105,1-Decene,1-Decene,0872-05-09,15.6,1,2.2,,False
106,1-Ethoxy Ethoxy-2-Propanol,1-Ethoxyethoxy-2-propanol,4043-59-8,15.4,6.3,6,,True
107,1-Ethyl Vinyl Ethyl Ether,1-Ethyl vinyl ethyl ether,1528-20-7,15.3,4.2,4.6,,True
108,1-Fluoro Acrylic Acid,1-Fluoroacrylic acid,430-99-9,16,8.7,13,,False
109,1-Fluoro Acrylonitrile,1-Fluoroacrylonitrile,430-49-9,14.1,15.4,5.7,,False
110,1-Heptanol,1-Heptanol,111-70-6,16,5.3,11.7,,True
111,1-Heptene,1-Heptene,592-76-7,15,1.1,2.6,,False
112,1-Hexanol,1-Hexanol,111-27-3,15.9,5.8,12.5,,True
113,1-Hexene,1-Hexene,592-41-6,14.7,1.1,3,,False
114,"1-Methoxy-1,3-Butadiene","1-Methoxy-1,3-butadiene",3036-66-6,15.5,8.3,5.4,,True
115,1-Methoxy-2-Nitrobenzene,1-Methoxy-2-nitrobenzene,91-23-6,19.6,12.7,5.5,,False
116,1-Methyl Cyclohexanol,1-Methylcyclohexanol,590-67-0,17.1,4,12,,True
117,1-Methyl Imidazole,1-Methylimidazole,616-47-7,19.7,15.6,11.2,,False
118,1-Methyl Naphthalene,1-Methylnaphthalene,90-12-0,19.7,0.8,4.7,,False
119,1-Methyl Vinyl Methyl Ether,1-Methyl vinyl methyl ether,116-11-0,14.8,4.2,5.6,,True
120,1-Naphthol,1-Naphthol,90-15-3,19.7,6.3,12.3,,True
121,1-Nitropropane,1-Nitropropane,0108-03-02,16.6,12.3,5.5,,False
122,1-Nonanol,1-Nonanol,0143-08-08,16,4.8,11,,True
123,1-Nonene,1-Nonene,0124-11-08,15.4,1,2.2,,False
124,1-Octanol,1-Octanol,111-87-5,16,5,11.2,,True
125,1-Octene,1-Octene,111-66-0,15.3,1,2.4,,False
126,1-Pentanol,1-Pentanol,71-41-0,15.9,5.9,13.9,,True
127,1-Pentene,1-Pentene,109-67-1,13.9,1.4,3.8,,False
128,1-Propanethiol,1-Propanethiol,0107-03-09,16.1,5.8,5.7,,False
129,1-Propanol,1-Propanol,71-23-8,16,6.8,17.4,,True
130,1-Tetradecene,1-Tetradecene,1120-36-1,16.1,0.5,1.9,,False
131,"2,2',5,5'-Tetrathiafulvalen","2,2',5,5'-Tetrathiafulvalene",31366-25-3,21,8.2,8.4,,False
132,"2,2,2-Trifluoro Ethanol","2,2,2-Trifluoroethanol",75-89-8,15.4,8.3,16.4,,False
133,"2,2,4-Trimethyl-1,3-Pentanediol Monoisobutyrate (Texanol)","2,2,4-Trimethyl-1,3-pentanediol monoisobutyrate (Texanol)",25265-77-4,15.1,6.1,9.8,,True
134,"2,2,4-Trimethylpentane","2,2,4-Trimethylpentane",540-84-1,14.1,0,0,,False
135,"2,2,6,6-Tetrachlorocyclohexanone","2,2,6,6-Tetrachlorocyclohexanone",3776-30-5,19.5,14,6.3,,False
136,"2,2-Dimethyl-1-Propanol (Neopentyl Alc.)","2,2-Dimethyl-1-propanol (Neopentyl alcohol)",75-84-3,15.6,6.5,13.5,,True
137,"2,3,4-Trifluoro Nitrobenzene","2,3,4-Trifluoronitrobenzene",771-69-7,19.5,7.7,3.5,,False
138,"2,3-Benzofuran (Cumaron)","2,3-Benzofuran (Coumarone)",271-89-6,18.7,5.1,5.7,,True
139,"2,3-Butadiene-1-ol","2,3-Butadiene-1-ol",18913-31-0,16.2,6.6,16.8,,True
140,"2,3-Butylene Carbonate","2,3-Butylene carbonate",4437-70-1,18,16.8,3.1,,True
141,"2,3-Dibromoprene","2,3-Dibromoprene",34994-48-4,17.7,11.8,6.4,,False
142,"2,3-Dichloro-1,3-Butadiene","2,3-Dichloro-1,3-butadiene",1653-19-6,17.1,2.3,2.8,,False
143,"2,3-Dichloronitrobenzene","2,3-Dichloronitrobenzene",3209-22-1,19.7,12.6,4.4,,False
144,"2,3-Dichloropropanol","2,3-Dichloropropanol",616-23-9,17.5,9.2,14.6,,False
145,"2,3-Dichloropropene","2,3-Dichloropropene",78-88-6,16.2,7.8,3,,False
146,"2,4,5-Trichlorothiophenol","2,4,5-Trichlorothiophenol",3773-14-6,21,4.5,9.1,,False
147,"2,4,6-Tribromo Phenol","2,4,6-Tribromophenol",118-79-6,20.6,10.2,14.1,,False
148,"2,4,6-Trichloroanisol","2,4,6-Trichloroanisole",87-40-1,21,3.9,7,,False
149,"2,4,6-Trichlorophenol","2,4,6-Trichlorophenol",1988-06-02,20.3,5.1,10.8,,False
150,"2,4-Dichloro-3-Fluoronitrobenzene","2,4-Dichloro-3-fluoronitrobenzene",393-79-3,19.9,7.2,4.2,,False
151,"2,4-Dichloro-5-Nitrobenzotrifluoride","2,4-Dichloro-5-nitrobenzotrifluoride",400-70-4,19.9,7.6,3.7,,False
152,"2,4-Dichloroaniline","2,4-Dichloroaniline",554-00-7,20.9,6.2,10,,False
153,"2,4-Dichlorobenzaldehyde","2,4-Dichlorobenzaldehyde",874-42-0,19.7,8.8,5.4,,False
154,"2,4-Dichloronitrobenzene","2,4-Dichloronitrobenzene",0611-06-03,20.4,8.7,4.2,,False
155,"2,4-Dichlorophenol","2,4-Dichlorophenol",120-83-2,20,7.2,13.1,,False
156,"2,4-Difluoronitrobenzene","2,4-Difluoronitrobenzene",446-35-5,19.4,11,3.7,,False
157,"2,4-Dimethylaniline","2,4-Dimethylaniline",95-68-1,19.2,5.2,8.7,,False
158,"2,4-Dinitrotoluene","2,4-Dinitrotoluene",121-14-2,20,13.1,4.9,,False
159,"2,5-Dichlorobenzotrifluoride","2,5-Dichlorobenzotrifluoride",320-50-3,20,4.7,2.4,,False
160,"2,5-Dichlorophenol","2,5-Dichlorophenol",583-78-8,20,6.3,12.1,,False
161,"2,5-Diethoxy Tetrahydrofuran","2,5-Diethoxytetrahydrofuran",3320-90-9,16.6,6.4,7.3,,True
162,"2,5-Dimethoxytetrahydrofuran","2,5-Dimethoxytetrahydrofuran",696-59-3,16.8,7.2,8.2,,True
163,"2,5-Dimethyl Pyrrole","2,5-Dimethylpyrrole",625-84-3,18.3,7.6,6.8,,False
164,"2,5-Tetrahydrofuran Dimethanol","2,5-Tetrahydrofuran dimethanol",104-80-3,17.9,8.5,18.9,,True
165,"2,6-Dichloro-7-Methyl Purine","2,6-Dichloro-7-methylpurine",2273-93-0,20.5,11.7,14.2,,False
166,"2,6-Dichloroanisole","2,6-Dichloroanisole",1984-65-2,19.8,8.4,6.5,,False
167,"2,6-Dichlorophenol","2,6-Dichlorophenol",87-65-0,20.1,7.5,10.9,,False
168,"2,6-Difluorobenzonitrile","2,6-Difluorobenzonitrile",1897-52-5,18.8,11.2,3.2,,False
169,"2,6-Dimethoxy Phenol","2,6-Dimethoxyphenol",1991-10-01,19.3,7.6,13.7,,True
170,"2,6-Dimethyl Phenol","2,6-Dimethylphenol",576-26-1,19.1,4.9,12.9,,True
171,2-(Diethylamino)Ethanol,2-(Diethylamino)ethanol,100-37-8,15.7,5.8,12,,True
172,2-Acetyl Thiophene,2-Acetylthiophene,88-15-3,19.1,12.2,9.3,,False
173,2-Amino Pyridine,2-Aminopyridine,504-29-0,20.4,8.1,12.2,,False
174,2-Bromo Allyl Alcohol,2-Bromoallyl alcohol,598-19-6,17.1,9.9,16.2,,False
175,2-Bromo Propene,2-Bromopropene,557-93-7,16.1,6,4.9,,False
176,2-Bromobutane,2-Bromobutane,78-76-2,16.3,7.7,4.4,,False
177,2-Bromopropane,2-Bromopropane,75-26-3,15.5,8.3,4.7,,False
178,2-Bromothiophene,2-Bromothiophene,1003-09-04,20.1,5.2,4.6,,False
179,2-Butanol,2-Butanol,78-92-2,15.8,5.7,14.5,,True
180,2-Butene (Cis),cis-2-Butene,590-18-1,14.7,1.3,4.1,,False
181,2-Butene (Trans),trans-2-Butene,624-64-6,14.6,0,2.9,,False
182,2-Butenyl Methyl Ether (Cis),cis-2-Butenyl methyl ether,25125-85-3,15.2,3.4,5,,True
183,2-Butenyl Methyl Ether (Trans),trans-2-Butenyl methyl ether,10034-14-7,15.3,4.4,4.3,,True
184,2-Butynedinitrile,2-Butynedinitrile,1071-98-3,15.2,16.2,8,,False
185,2-Chloro Allyl Alcohol,2-Chloroallyl alcohol,5976-47-6,17.1,10.2,16.4,,False
186,2-Chloro Propene (Isopropenyl Chloride),2-Chloropropene (Isopropenyl chloride),557-98-2,15.5,6.7,2.2,,False
187,2-Chloro-2-Methyl Propane,2-Chloro-2-methylpropane,507-20-0,15.6,7.6,2,,False
188,2-Chloro-4-Methylaniline,2-Chloro-4-methylaniline,615-65-6,19.7,7.4,8.9,,False
189,2-Chloro-5-Methyl Phenol,2-Chloro-5-methylphenol,615-74-7,19,7.7,13.1,,True
190,2-Chloroacetamide,2-Chloroacetamide,1979-07-02,17.6,12.4,12.8,,False
191,2-Chloroallylidene Diacetate,2-Chloroallylidene diacetate,5459-90-5,16.7,7.3,8.8,,True
192,2-Chlorobutane,2-Chlorobutane,78-86-4,15.8,7.6,2,,False
193,2-Chlorocyclohexanone,2-Chlorocyclohexanone,822-87-7,18.5,13,5.1,,False
194,2-Chloroethyl Acetate,2-Chloroethyl acetate,542-58-5,16.7,9.6,8.8,,True
195,2-Chloroethyl Benzene,2-Chloroethylbenzene,622-24-2,19.3,6.3,2.2,,False
196,2-Chloroethyl Ethyl Ether,2-Chloroethyl ethyl ether,628-34-2,16.3,7.9,4.6,,True
197,2-Chloroethyl Ethyl Sulfide,2-Chloroethyl ethyl sulfide,0693-07-02,17.2,5,6.1,,False
198,2-Chlorophenol,2-Chlorophenol,95-57-8,19,5.5,13.9,,True
199,2-Chloropropenal,2-Chloropropenal,683-51-2,17.1,12.9,8.1,,False
200,2-Chloropropenoic Acid,2-Chloropropenoic acid,598-79-8,19.1,9.4,12.4,,False
201,2-Chlorothiophene,2-Chlorothiophene,96-43-5,19.2,6.2,8,,False
202,2-Cyclopentenyl Alcohol,2-Cyclopentenyl alcohol,3212-60-0,18.1,7.6,15.6,,True
203,2-Decanol,2-Decanol,1120-06-05,15.8,3.9,10,,True
204,2-Ethyl Croton Aldehyde,2-Ethylcrotonaldehyde,19780-25-7,16.1,8,5.5,,True
205,2-Ethyl Hexyl Acetate,2-Ethylhexyl acetate,0103-09-03,15.8,2.9,5.1,,True
206,2-Ethyl Hexyl Acrylate,2-Ethylhexyl acrylate,0103-11-07,15.3,4.3,3,,True
207,2-Ethyl Hexyl Phthalate (Mono),2-Ethylhexyl phthalate (Mono)(MEHP),4376-20-9,17.3,6.2,6.8,,True
208,"2-Ethyl-1,3-Butadiene","2-Ethyl-1,3-butadiene",3404-63-5,15.3,1.6,3.8,,False
209,2-Ethyl-1-Butanol,2-Ethyl-1-butanol,97-95-0,15.8,4.3,13.5,,True
210,2-Ethyl-1-Butene,2-Ethyl-1-butene,760-21-4,14.9,1.7,3.5,,False
211,2-Ethyl-Hexanol,2-Ethylhexanol,104-76-7,15.9,3.3,11.8,,True
212,2-Ethylhexyl Amine,2-Ethylhexylamine,20352-67-4,15.7,4.2,6.1,,False
213,2-Furonitrile,2-Furonitrile,617-90-3,18.4,15,8.2,,False
214,2-Heptanol,2-Heptanol,543-49-7,15.7,5.4,11.7,,True
215,2-Methoxy Tetrahydropyrane,2-Methoxytetrahydropyran,6581-66-4,17.2,6.6,6,,True
216,"2-Methoxy-1,3-Dioxolane","2-Methoxy-1,3-dioxolane",19693-75-5,17.8,8.4,7.7,,True
217,2-Methyl (Cis) Acrylic Acid,cis-2-Methylacrylic acid,503-64-0,16.8,5.2,12.4,,True
218,2-Methyl Cyclohexanol (Mix),2-Methylcyclohexanol (Mix),583-59-5,17.1,6.5,12.5,,True
219,2-Methyl Cyclohexanone,2-Methylcyclohexanone,583-60-8,17.6,7.8,4.7,,True
220,2-Methyl Pyrazine,2-Methylpyrazine,109-08-0,18.3,12.3,10.5,,False
221,2-Methyl Tetrahydrofuran,2-Methyltetrahydrofuran (2-MeTHF),96-47-9,16.9,5,4.3,,True
222,"2-Methyl-1,3-Dioxolane","2-Methyl-1,3-dioxolane",497-26-7,17.3,4.8,5.8,,True
223,2-Methyl-1-Butanol,2-Methyl-1-butanol,137-32-6,16,5.1,14.3,,True
224,2-Methyl-1-Butene,2-Methyl-1-butene,563-46-2,14.5,1.8,1.3,,False
225,2-Methyl-1-Chloro Acrolein,2-Methyl-1-chloroacrolein,53175-28-3,17.1,10.6,7.3,,False
226,2-Methyl-1-Pentanol,2-Methyl-1-pentanol,105-30-6,15.8,4.9,13.5,,True
227,2-Methyl-2-Butanol,2-Methyl-2-butanol,75-85-4,15.3,6.1,13.3,,True
228,2-Methyl-2-Butene,2-Methyl-2-butene,513-35-9,14.7,2,2.9,,False
229,2-Methylfuran,2-Methylfuran,534-22-5,17.3,2.8,7.4,,True
230,2-Nitro-1-Propanol,2-Nitro-1-propanol,2902-96-7,16.1,13.7,15.4,,False
231,2-Nitropropane,2-Nitropropane,79-46-9,16.2,12.1,4.1,,False
232,2-Nitrothiophene,2-Nitrothiophene,609-40-5,19.7,16.2,8.2,,False
233,2-Octanol,2-Octanol,123-96-6,16.1,4.9,11,,True
234,2-Oxopyrrolidinacetamid,2-Oxopyrrolidineacetamide,7491-74-9,17.5,15.6,11.2,,False
235,2-Pentanol,2-Pentanol,6032-29-7,15.6,6.4,13.3,,True
236,2-Phenoxy Ethanol,2-Phenoxyethanol,122-99-6,17.8,5.7,14.3,,True
237,2-Phenyl Ethanol,2-Phenylethanol,1960-12-08,18.3,5.6,11.2,,True
238,2-Pinene (dl),dl-2-Pinene,80-56-8,16.9,1.8,3.1,,True
239,2-Propanethiol,2-Propanethiol,75-33-2,16.3,6.8,6.5,,False
240,2-Propanol,2-Propanol (Isopropanol),67-63-0,15.8,6.1,16.4,,True
241,2-Propyn-1-ol,2-Propyn-1-ol,107-19-7,16.1,8.7,18.8,,True
242,2-Pyrrolidone,2-Pyrrolidone,616-45-5,18.2,12,9,,False
243,2-t-Butyl-4-Methyl Phenol,2-t-Butyl-4-methylphenol,2409-55-4,17.3,3.7,10.5,,True
244,2-Thiabutane,2-Thiabutane,624-89-5,16.2,5.9,5.3,,False
245,2-Toluidine,2-Toluidine,95-53-4,19.4,5.8,9.4,,False
246,2-Vinyl Toluene,2-Vinyltoluene,611-15-4,18.6,1,3.8,,False
247,"3,3,3-Trichloro Propene","3,3,3-Trichloropropene",2233-00-3,17.7,15.5,3.4,,False
248,"3,4-Dichloro Alpha,Alpha,A-Trifluorotoluene","3,4-Dichloro-α,α,α-trifluorotoluene",328-84-7,20,4.7,2.4,,False
249,"3,4-Dichloronitrobenzene","3,4-Dichloronitrobenzene",99-54-7,20.1,7.2,4.1,,False
250,"3,4-Dichlorophenyl Acetonitrile","3,4-Dichlorophenylacetonitrile",3218-49-3,20.5,10.8,4.4,,False
251,"3,4-Dichlorotoluene","3,4-Dichlorotoluene",95-75-0,19.8,9.8,2.5,,False
252,"3,4-Dimethyl Phenol","3,4-Dimethylphenol",95-65-8,19.2,6,13.4,,True
253,"3,4-Dinitrophenol","3,4-Dinitrophenol",577-71-9,19.5,12.8,14.3,,False
254,"3,4-Epoxy-1-Butene","3,4-Epoxy-1-butene",930-22-3,16.6,7.7,7.4,,True
255,"3,5-Difluorobenzonitrile","3,5-Difluorobenzonitrile",64248-63-1,18.8,11.2,3.2,,False
256,"3,5-Dinitrophenol","3,5-Dinitrophenol",0586-11-08,19.5,12.9,14.4,,False
257,3-Azidopropene,3-Azidopropene,821-13-6,16.8,7.7,13.4,,False
258,3-Bromopropyne,3-Bromopropyne,106-96-7,18.1,6.5,5.3,,False
259,3-Butenenitrile,3-Butenenitrile,109-75-1,16.2,14.3,5.6,,False
260,3-Butoxybutanol,3-Butoxybutanol,,15.9,5.5,10.6,,True
261,3-Chloro Allyl Alcohol,3-Chloroallyl alcohol,29560-84-7,17.2,10.3,16.5,,False
262,3-Chloro-1-Propanol,3-Chloro-1-propanol,627-30-5,17.5,5.7,14.7,,False
263,3-Chloro-2-Methyl Propene,3-Chloro-2-methylpropene,563-47-3,16.2,5.6,2,,False
264,3-Chlorobenzylchloride,3-Chlorobenzyl chloride,620-20-2,19.9,9.3,2.6,,False
265,3-Chloropropionaldehyde,3-Chloropropionaldehyde,19434-65-2,17,13.3,8.2,,False
266,3-Chloropropionitrile,3-Chloropropionitrile,542-76-7,17.3,15.9,6.1,,False
267,3-Chloropropyne,3-Chloropropyne,624-65-7,16.7,7.4,2.3,,False
268,3-Ethoxy Propionaldehyde,3-Ethoxypropionaldehyde,2806-85-1,16,8.8,7.4,,True
269,3-Heptanol,3-Heptanol,589-82-2,15.9,5.4,11.7,,True
270,3-Hydroxy Tetrahydrofuran,3-Hydroxytetrahydrofuran,453-20-3,18.9,9.4,16.3,,True
271,3-Methoxy Butanol,3-Methoxybutanol,2517-43-3,15.3,5.4,13.6,,True
272,3-Methoxy Butyl Acetate,3-Methoxybutyl acetate,4435-53-4,15.3,4.1,8.1,,True
273,3-Methoxy-3-Methyl Butanol,3-Methoxy-3-methylbutanol,56539-66-3,16,6.3,12.9,,True
274,3-Methoxypropionitrile,3-Methoxypropionitrile,110-67-8,16.6,14.4,7.8,,False
275,3-Methyl Allyl Alcohol,3-Methylallyl alcohol,504-61-0,16,6,15.5,,True
276,3-Methyl Cyclohexanol (Mix),3-Methylcyclohexanol (Mix),591-23-1,17.2,6.4,12.5,,True
277,3-Methyl Cyclohexanone,3-Methylcyclohexanone,591-24-2,17.7,7.7,4.7,,True
278,3-Methyl Isoxazole,3-Methylisoxazole,30842-90-1,19.4,14.8,11.8,,False
279,"3-Methyl-1,2-Butadiene","3-Methyl-1,2-butadiene",598-25-4,15.1,2.5,4.5,,False
280,3-Methyl-1-Butene,3-Methyl-1-butene,563-45-1,14,1.4,3.8,,False
281,3-Methyl-2-Butanol,3-Methyl-2-butanol,598-75-4,15.6,5.2,13.4,,True
282,3-Methyl-3-Methoxy Butyl Acetate,3-Methyl-3-methoxybutyl acetate,103429-90-9,15.3,3.8,7.7,,True
283,3-n-Butyl Toluene,3-n-Butyltoluene,1595-04-06,17.4,0.1,1,,False
284,3-Nitroaniline,3-Nitroaniline,1999-09-02,21.4,17.7,10.6,,False
285,"4,4'-Methylenebis(Phenylisocyanate)","4,4'-Methylenebis(phenyl isocyanate)",101-68-8,19.5,4.1,1.7,,False
286,4-(Trifluoromethyl) Acetophenone,4-(Trifluoromethyl)acetophenone,709-63-7,18.8,6.1,3.5,,False
287,4-Aminopyridine,4-Aminopyridine,504-24-5,20.4,16.1,12.9,,False
288,"4-Bromo-1,2-Butadiene","4-Bromo-1,2-butadiene",18668-68-3,17,6.5,4.7,,False
289,4-Bromo-1-Butene,4-Bromo-1-butene,5162-44-7,16.5,6,4.5,,False
290,"4-Chloro-1,2-Butadiene","4-Chloro-1,2-butadiene",25790-55-0,16.6,8,6.7,,False
291,4-Chloro-2-Nitrotoluene,4-Chloro-2-nitrotoluene,89-59-8,19.9,11.8,3.8,,False
292,4-Chloroanisole,4-Chloroanisole,0623-12-01,19.6,7.8,6.7,,False
293,4-Chlorobenzaldehyde,4-Chlorobenzaldehyde,104-88-1,19.9,7.2,5.6,,False
294,4-Chlorobenzonitrile,4-Chlorobenzonitrile,623-03-0,19.5,8,4.1,,False
295,4-Chlorobenzotrichloride,4-Chlorobenzotrichloride,5216-25-1,20.3,5.5,3.5,,False
296,4-Chlorobenzyl Alcohol,4-Chlorobenzyl alcohol,873-76-7,19.6,7.5,13,,False
297,4-Chlorothiophenol,4-Chlorothiophenol,106-54-7,20.8,8.6,10.6,,False
298,4-Ethoxy Acetophenone,4-Ethoxyacetophenone,1676-63-7,18.8,10.3,6.4,,True
299,4-Ethyl Morpholine,4-Ethylmorpholine,100-74-3,17.7,5,6.6,,False
300,4-Ethyl Phenol,4-Ethylphenol,0123-07-09,18.3,5.2,12.6,,True
301,"4-Ethyl-1,3-Dioxolane-2-One","4-Ethyl-1,3-dioxolan-2-one",4437-85-8,17.5,9.8,3,,True
302,4-Fluoro-3-Nitrobenzofluoride,4-Fluoro-3-nitrobenzotrifluoride,364-74-9,19.4,7.2,3.7,,False
303,4-Fluoropropiophenone,4-Fluoropropiophenone,582-83-2,19.6,7.1,3.5,,False
304,4-Hydroxy Benzaldehyde,4-Hydroxybenzaldehyde,123-08-0,19.4,15.2,14.5,,True
305,4-Hydroxycinnamic Acid,4-Hydroxycinnamic acid,7400-08-0,19.1,6.7,15.9,,True
306,"4-Iodo-1,2-Butadiene","4-Iodo-1,2-butadiene",29871-57-6,17.4,6.3,6.2,,False
307,4-Methoxy Acetophenone,4-Methoxyacetophenone,0100-06-01,18.9,11.2,7,,True
308,4-Methoxy Benzonitrile,4-Methoxybenzonitrile,874-90-8,19.4,16.7,5.4,,False
309,4-Methyl Cyclohexanol (Mix),4-Methylcyclohexanol (Mix),589-91-3,17.2,6.3,12.5,,True
310,4-Nitrophenol,4-Nitrophenol,0100-02-07,20,14.5,14.2,,False
311,4-Pentenal,4-Pentenal,2100-17-6,15.5,8.1,6.8,,True
312,4-Vinyl Pyridine,4-Vinylpyridine,100-43-6,18.1,7.2,6.8,,False
313,"5,6-Dihydroxyindole","5,6-Dihydroxyindole",3131-52-0,19.5,8.8,17.9,,False
314,"5,6-Dihydroxyindole-2-Carboxylic Acid","5,6-Dihydroxyindole-2-carboxylic acid",4790-08-03,19.5,8.1,17.7,,False
315,"5,6-Indolequinone","5,6-Indolequinone",,19.5,9.3,7.8,,False
316,"5,6-Indolequinone-2-Carboxylic Acid","5,6-Indolequinone-2-carboxylic acid",,19.5,8.3,10.6,,False
317,5-Bromo-2-Nitrobenzotrifluoride,5-Bromo-2-nitrobenzotrifluoride,344-38-7,20,6,4.9,,False
318,6-Chloro-2-Nitrotoluene,6-Chloro-2-nitrotoluene,83-42-1,20.3,9.6,3.8,,False
319,"9,10-Anthraquinone","9,10-Anthraquinone",84-65-1,20.3,7.6,4.8,,True
320,"9,10-Phenanthrenequinone","9,10-Phenanthrenequinone",1984-11-07,20.3,17.1,4.8,,True
321,a-Methyl Styrene,α-Methylstyrene,98-83-9,18.5,2.4,2.4,,False
322,Acetaldehyde,Acetaldehyde,75-07-0,14.7,12.5,7.9,,True
323,Acetaldoxime,Acetaldoxime,107-29-9,16.3,4,20.2,,True
324,Acetamide,Acetamide,60-35-5,17.3,18.7,19.3,,False
325,Acetanilide,Acetanilide,103-84-4,20.6,14.4,13.5,,False
326,Acetic Acid,Acetic acid,64-19-7,14.5,8,13.5,,True
327,Acetic Anhydride,Acetic anhydride,108-24-7,16,11.7,10.2,,True
328,Acetone,Acetone,67-64-1,15.5,10.4,7,,True
329,Acetonecyanhydrin,Acetone cyanohydrin,75-86-5,16.6,12.2,15.5,,False
330,Acetonemethyloxime,Acetone methyloxime,3376-35-0,14.7,4.6,4.6,,True
331,Acetonitrile,Acetonitrile,1975-05-08,15.3,18,6.1,,False
332,Acetophenone,Acetophenone,98-86-2,18.8,9,4,,True
333,Acetoxime,Acetoxime,127-06-0,16.3,3.7,10.9,,True
334,Acetyl Salicylic Acid,Acetylsalicylic acid,50-78-2,19,6.9,9.7,,True
335,Acetyl Triethyl Citrate,Acetyl triethyl citrate,77-89-4,16.6,3.5,8.6,,True
336,Acetylacetone,Acetylacetone,123-54-6,16.1,10,6.2,,True
337,Acetylbromide,Acetyl bromide,506-96-7,16.7,10.6,5.2,,False
338,Acetylchloride,Acetyl chloride,75-36-5,16.2,11.2,5.8,,False
339,Acetylene (Ethyne),Acetylene (Ethyne),74-86-2,14.4,4.2,11.9,,False
340,Acetylfluoride,Acetyl fluoride,557-99-3,14.7,14,5.7,,False
341,Acridine,Acridine,260-94-6,20,5.9,2,,False
342,Acrolein,Acrolein,0107-02-08,15.5,10,8.6,,True
343,Acrylamide,Acrylamide,1979-06-01,15.8,12.1,12.8,,False
344,Acrylic Acid,Acrylic acid,1979-10-07,16.6,6.4,10,,True
345,Acrylonitrile,Acrylonitrile,107-13-1,16,12.8,6.8,,False
346,Acrylylchloride,Acryloyl chloride,814-68-6,16.2,11.6,5.4,,False
347,Adenine,Adenine,73-24-5,20,16,14.9,,False
348,"Adipic Acid (1,6-Hexanedioic)",Adipic acid,0124-04-09,17.1,10,16.3,,True
349,Adonitol,Adonitol,488-81-3,18,12,36,,True
350,Adrenalin,Adrenaline,51-43-4,20.5,8.7,19.9,,False
351,Allyl Acetate,Allyl acetate,591-87-7,15.7,4.5,8,,True
352,Allyl Acetic Acid,Allylacetic acid,591-80-0,16.7,4.7,11.3,,True
353,Allyl Acetoacetate,Allyl acetoacetate,1118-84-9,15.9,6.9,8.6,,True
354,Allyl Alcohol,Allyl alcohol,107-18-6,16.2,10.8,16.8,,True
355,Allyl Amine,Allylamine,0107-11-09,15.5,5.7,10.6,,False
356,Allyl Bromide (3-Bromoprene),Allyl bromide,106-95-6,16.5,7.3,4.9,,False
357,Allyl Chloride,Allyl chloride,0107-05-01,17,6.2,2.3,,False
358,Allyl Cyanide,Allyl cyanide,109-75-1,16,14.3,5.6,,False
359,Allyl Ethylether,Allyl ethyl ether,557-31-3,15,4.8,5.1,,True
360,Allyl Fluoride,Allyl fluoride,818-92-8,14.9,6.4,1,,False
361,Allyl Formate,Allyl formate,1838-59-1,15.7,5.4,8.8,,True
362,Allyl Iodide,Allyl iodide,556-56-9,18.3,6.4,3.3,,False
363,Allyl Isocyanide,Allyl isocyanide,2835-21-4,16.1,13,5.4,,False
364,Allyl Isopropyl Ether,Allyl isopropyl ether,6140-80-3,15,4.1,7.1,,True
365,Allyl Isothiocyanate,Allyl isothiocyanate,1957-06-07,17,11.3,8.5,,False
366,Allyl Mercaptan,Allyl mercaptan,870-23-5,16.4,6.2,7.9,,False
367,Allyl Methacrylate,Allyl methacrylate,1996-05-09,15.2,4.1,7.5,,True
368,Allyl Methyl Ether,Allyl methyl ether,627-40-7,15,4.3,5.9,,True
369,Allylacetonitrile (4-Pentenenitrile),Allylacetonitrile,592-51-8,16.3,11.2,5,,False
370,"Alpha,Alpha,A-Trifluoro Toluene","α,α,α-Trifluorotoluene",1998-08-08,17.5,8.8,0,,False
371,Ammonia,Ammonia,7664-41-7,13.7,16.7,18.8,,False
372,Amphetamine,Amphetamine,300-62-9,17.5,4.3,6.3,,False
373,Amyl Acetate,Amyl acetate,628-63-7,15.8,3.3,6.1,,True
374,Anethole (Trans),trans-Anethole,104-46-1,18.5,4.3,6,,True
375,Aniline,Aniline,62-53-3,20.1,5.8,11.2,,False
376,Anisaldehyde (2-Methoxy Benzaldehyde),Anisaldehyde,0135-02-04,19.4,11.9,8.3,,True
377,Anisidine (2-Methoxyaniline),o-Anisidine,90-04-0,19.5,5.4,11.4,,False
378,Anisole,Anisole,100-66-3,17.8,4.4,6.9,,True
379,Ascorbic Acid,Ascorbic acid,50-81-7,18,11.7,25.5,,True
380,Azidoethane,Azidoethane,871-31-8,15.9,8.9,12.9,,False
381,"Benzal Chloride (Alpha,A-Dichlorobenzene)",Benzal chloride,98-87-3,19,7.6,2.4,,False
382,Benzaldehyde,Benzaldehyde,100-52-7,19.4,7.4,5.3,,True
383,Benzamide,Benzamide,55-21-0,21.2,14.7,11.2,,False
384,Benzene,Benzene,71-43-2,18.4,0,2,,False
385,Benzimidazole,Benzimidazole,51-17-2,20.6,14.9,11,,False
386,Benzisoxazole,Benzisoxazole,271-58-9,20.6,11.5,8.8,,False
387,Benzoic Acid,Benzoic acid,65-85-0,20,6.9,10.8,,True
388,Benzoin,Benzoin,119-53-9,19.9,9.7,10.7,,True
389,Benzonitrile,Benzonitrile,100-47-0,18.8,12,3.3,,False
390,Benzophenone,Benzophenone,119-61-9,19.5,7.2,5.1,,True
391,Benzothiazole,Benzothiazole,95-16-9,20.6,5.2,8.4,,False
392,Benzotrichloride,Benzotrichloride,1998-07-07,19.4,3.2,3.2,,False
393,Benzoyl Chloride,Benzoyl chloride,98-88-4,19.3,6.8,4.5,,False
394,Benzyl Acetate,Benzyl acetate,0140-11-04,18.3,5.7,6,,True
395,Benzyl Alcohol,Benzyl alcohol,100-51-6,18.4,6.3,13.7,,True
396,Benzyl Amine,Benzylamine,100-46-9,19,4.6,9.4,,False
397,Benzyl Benzoate,Benzyl benzoate,120-51-4,20,5.1,5.2,,True
398,Benzyl Butyl Phthalate,Benzyl butyl phthalate(BBP),85-68-7,19,11.2,3.1,,True
399,Benzyl Chloride,Benzyl chloride,100-44-7,18.8,7.1,2.6,,False
400,Benzyl Ethyl Ether,Benzyl ethyl ether,539-30-0,18.4,3.8,3.8,,True
401,Benzyl Methacrylate,Benzyl methacrylate,2495-37-6,16.8,4.1,4.1,,True
402,Bicyclohexyl,Bicyclohexyl,92-51-3,17,0,0,,False
403,Biphenyl,Biphenyl,92-52-4,19.7,1,2,,False
404,Bis(Chloromethyl)Ether,Bis(chloromethyl) ether,542-88-1,17.2,8.2,7.6,,False
405,Bis-(M-Phenoxyphenyl) Ether,Bis(m-phenoxyphenyl) ether,748-30-1,19.6,3.1,5.1,,True
406,Bisphenol A,Bisphenol A,1980-05-07,19.2,5.9,13.8,,True
407,Bisphenol-S,Bisphenol S,1980-09-01,20,14.6,16.3,,False
408,Biuret,Biuret,108-19-0,20,14.6,18.8,,False
409,Borine Carbonyl,Borine carbonyl,13205-44-2,17,10.2,6.9,,False
410,Boron Trichloride,Boron trichloride,10294-34-5,16.6,2.5,0,,False
411,Bromine,Bromine,7726-95-6,18.2,14.9,0,,False
412,Bromoacetylene,Bromoacetylene,593-61-3,15.7,9.9,5.6,,False
413,Bromobenzene,Bromobenzene,108-86-1,19.2,5.5,4.1,,False
414,Bromochloromethane,Bromochloromethane,74-97-5,17.3,5.7,3.5,,False
415,Bromoethylene,Bromoethylene,593-60-2,15.9,6.3,5.4,,False
416,Bromoform,Bromoform,75-25-2,20,5,7,,False
417,Bromomethyl Methyl Ether,Bromomethyl methyl ether,13057-17-5,16.9,8.5,7,,False
418,Bromoprene,Bromoprene,1822-86-2,16.9,6.4,4.7,,False
419,Bromotrichloro Methane #1,Bromotrichloromethane #1,75-62-7,18.3,0.8,0,,False
420,Bromotrichloro Methane #2-Gc,Bromotrichloromethane #2-GC,75-62-7,18.3,8.1,6,,False
421,Bromotrichloro Methane #3,Bromotrichloromethane #3,75-62-7,18.3,8.1,0,,False
422,Bromotrifluoromethane (Freon 1381),Bromotrifluoromethane (Freon 1381),75-63-8,14.3,2.4,0,,False
423,Butadiene-4-Cyano,Butadiene-4-carbonitrile,1615-70-9,16.2,11.7,5.2,,False
424,Butadienedioxide,Butadiene dioxide,1464-53-5,18.3,14.4,6.2,,True
425,Butadione,Butanedione,0431-03-08,15.7,5.1,6.8,,True
426,Butane,Butane,106-97-8,14.1,0,0,,False
427,Butoxy Ethoxy Propanol,Butoxyethoxypropanol,39332-55-3,15.5,6.5,10.2,,True
428,Butyl Benzoate,Butyl benzoate,136-60-7,18.3,5.6,5.5,,True
429,Butyl Formate,Butyl formate,592-84-7,15.7,6.5,9.2,,True
430,Butyl Isopropenyl Ether,Butyl isopropenyl ether,22022-33-9,14.8,5.3,5,,True
431,Butyl Lactate,Butyl lactate,138-22-7,15.8,6.5,10.2,,True
432,Butyl Oleate,Butyl oleate,142-77-8,16.3,3.7,4.2,,True
433,Butyl Stearate,Butyl stearate,123-95-5,14.5,3.7,3.5,,True
434,Butyl-6-Methyl-3-Cyclohexene Carboxylate,Butyl-6-methyl-3-cyclohexenecarboxylate,,16.1,2.5,5.7,,True
435,Butyleneoxide,Butylene oxide,106-88-7,16.3,6.2,5.9,,True
436,Butyraldehyde,Butyraldehyde,123-72-8,15.6,10.1,6.2,,True
437,Butyric Acid,Butyric acid,107-92-6,15.7,4.8,12,,True
438,Butyric Anhydride,Butyric anhydride,106-31-0,15.8,10.3,4.5,,True
439,Butyronitrile,Butyronitrile,109-74-0,15.3,12.4,5.1,,False
440,Butyrylchloride,Butyryl chloride,141-75-3,16.8,9.4,4.8,,False
441,Caffeine,Caffeine,1958-08-02,19.5,10.1,13,,False
442,Camphene,Camphene,79-92-5,16.4,1.8,3.1,,True
443,Caprolactone (Epsilon),ε-Caprolactone,502-44-3,18,15,7.4,,True
444,Carbazole (Diphenylenimine),Carbazole,86-74-8,21.7,6.4,6.2,,False
445,Carbon Dioxide (Fit = 1.0),Carbon dioxide,124-38-9,15.7,6.3,5.7,,True
446,Carbon Disulfide (0 Dipole Moment),Carbon disulfide,75-15-0,20.2,0,0.6,,False
447,Carbon Disulfide (P By Group Cont.),Carbon disulfide (P by group cont.),75-15-0,19.9,5.8,0.6,,False
448,Carbon Tetrachloride (0 Dipole Moment),Carbon tetrachloride,56-23-5,17.8,0,0.6,,False
449,Carbon Tetrachloride (P By Group Cont.),Carbon tetrachloride (P by group cont.),56-23-5,16.1,8.3,0,,False
450,Carbonyl Cyanide,Carbonyl cyanide,922-64-5,15,6.3,8,,False
451,Carbonyl Sulfide,Carbonyl sulfide,463-58-1,17.4,3.7,0,,False
452,Castor Oil,Castor oil,8001-79-4,15.9,4.6,12,,True
453,Cetyl Alcohol (1-Hexadecanol),Cetyl alcohol,36653-82-4,16.4,3.7,8.1,,True
454,Chloral,Chloral,75-87-6,17.2,7.4,7.6,,False
455,Chlorine,Chlorine,7782-50-5,17.3,10,0,,False
456,Chloro Acetaldehyde,Chloroacetaldehyde,107-20-0,16.2,14,9,,False
457,Chloro Acetic Acid,Chloroacetic acid,1979-11-08,17.7,10.4,12.3,,False
458,Chloro Maleic Anhydride,Chloromaleic anhydride,1996-02-06,20.4,17.3,11.5,,False
459,Chloroacetone,Chloroacetone,78-95-5,16.8,9.6,5.5,,False
460,Chloroacetonitrile,Chloroacetonitrile,107-14-2,17.4,13.6,2,,False
461,Chloroacetylchloride,Chloroacetyl chloride,1979-04-09,17.5,9.2,5.5,,False
462,Chloroacetylene,Chloroacetylene,593-63-5,16.2,2.1,2.5,,False
463,Chlorobenzene,Chlorobenzene,108-90-7,19,4.3,2,,False
464,Chlorocyclopropane,Chlorocyclopropane,7393-45-5,17.6,7.2,2.2,,False
465,Chlorodifluoromethane (Freon 22),Chlorodifluoromethane (Freon 22),75-45-6,12.3,6.3,5.7,,False
466,Chloroform,Chloroform,67-66-3,17.8,3.1,5.7,,False
467,Chloromethylsulfide,Chloromethyl sulfide,3592-44-7,16.6,6.4,2,,False
468,Chloronitromethane,Chloronitromethane,1794-84-9,17.4,13.5,5.5,,False
469,Chloropicrin (Trichloronitromethane),Chloropicrin,1976-06-02,17.6,6.8,7,,False
470,Chloroprene,Chloroprene,126-99-8,16.1,5.4,2.1,,False
471,Chlorotrifluoroethylene (Ctfe),Chlorotrifluoroethylene,79-38-9,15.3,6.3,0,,False
472,Cinnamyl Alcohol,Cinnamyl alcohol,104-54-1,19.1,6,13,,True
473,Cis-Cinnamic Acid,cis-Cinnamic acid,102-94-3,19.1,3.9,10.6,,True
474,Cis-Decahydronaphthalene,cis-Decahydronaphthalene,0493-01-06,17.6,0,0,,False
475,Citraconic Anhydride,Citraconic anhydride,0616-02-04,19.2,17,11.2,,True
476,Coniferyl Alcohol,Coniferyl alcohol,458-35-5,19,7,16.3,,True
477,Coumarin,Coumarin,91-64-5,20,12.5,6.7,,True
478,Crotonaldehyde,Crotonaldehyde,123-73-9,16.2,14.9,7.4,,True
479,Crotonic Acid,Crotonic acid,107-93-7,16.8,8.7,12,,True
480,Crotonlactone,Crotonolactone,497-23-4,19,19.8,9.6,,True
481,Cyanamid (Carbamonitrile),Cyanamide,0420-04-02,15.5,27.6,16.8,,False
482,Cyanogen,Cyanogen,460-19-5,15.1,11.8,0,,False
483,Cyanogen Bromide,Cyanogen bromide,506-68-3,18.3,15.2,0,,False
484,Cyanogen Chloride,Cyanogen chloride,506-77-4,15.6,14.5,0,,False
485,Cyclobutanone,Cyclobutanone,1191-95-3,18.3,11.4,5.2,,True
486,Cyclodecanone,Cyclodecanone,1502-06-03,16.8,8,4.1,,True
487,Cyclododecane,Cyclododecane,294-62-2,16.4,0,0,,False
488,Cycloheptane,Cycloheptane,291-64-5,17.1,1.4,1.9,,False
489,Cycloheptanone,Cycloheptanone,502-42-1,17.2,10.6,4.8,,True
490,Cyclohexane,Cyclohexane,110-82-7,16.8,0,0.2,,False
491,"Cyclohexane-1,2-Dicarboxylic Acid Di-Isononyl Ether","Cyclohexane-1,2-dicarboxylic acid di-isononyl ether",,16.4,2.2,5,,True
492,Cyclohexanol,Cyclohexanol,108-93-0,17.4,4.1,13.5,,True
493,Cyclohexanone,Cyclohexanone,108-94-1,17.8,8.4,5.1,,True
494,Cyclohexene,Cyclohexene,110-83-8,17.2,1,2,,False
495,Cycloheximide,Cycloheximide,66-81-9,18.3,11,13.8,,False
496,Cyclohexyl Benzene,Cyclohexylbenzene,827-52-1,18.7,0,1,,False
497,Cyclohexylamine,Cyclohexylamine,108-91-8,17.2,3.1,6.5,,False
498,Cyclohexylchloride,Cyclohexyl chloride,542-18-7,17.3,5.5,2,,False
499,Cyclooctanone,Cyclooctanone,502-49-8,17,9.6,4.5,,True
500,Cyclopentadiene,Cyclopentadiene,542-92-7,17,1.9,2,,False
501,Cyclopentane,Cyclopentane,287-92-3,16.4,0,1.8,,False
502,Cyclopentanone,Cyclopentanone,120-92-3,17.9,11.9,5.2,,True
503,Cyclopentene,Cyclopentene,142-29-0,16.7,3.8,1.7,,False
504,Cyclopentyl Methyl Ether (Cpme),Cyclopentyl methyl ether (CPME),5614-37-9,16.7,4.3,4.3,,True
505,Cyclopropane,Cyclopropane,75-19-4,17.3,0,0,,False
506,Cyclopropene,Cyclopropene,2781-85-3,17.2,2.4,2,,False
507,Cyclopropylmethylketone,Cyclopropyl methyl ketone,765-43-5,17,11.1,4.6,,True
508,Cyclopropylnitrile,Cyclopropylnitrile,5500-21-0,18.6,16.2,5.7,,False
509,d-Camphor,d-Camphor,464-49-3,17.8,10.3,5.2,,True
510,d-Limonene,d-Limonene,5989-27-5,17.2,1.8,4.3,,True
511,DDT,DDT,50-29-3,20,5.5,3.1,,False
512,Decamethylcyclopentasiloxane,Decamethylcyclopentasiloxane,0541-02-06,12.9,1.3,1,,False
513,Decane,Decane,124-18-5,15.7,0,0,,False
514,Di Butyl Fumarate,Dibutyl fumarate,105-75-9,16.7,3,6.7,,True
515,Di p-Tolyl Sulfoxide,Di-p-tolyl sulfoxide,1774-35-2,20.3,11.4,3.1,,False
516,Di-(2-Chloro-Isopropyl) Ether,Di-(2-chloro-isopropyl) ether,108-60-1,19,8.2,5.1,,False
517,Di-(2-Chloroethoxy) Methane,Di-(2-chloroethoxy) methane,111-91-1,17.1,10.2,7.1,,False
518,Di-(2-Chloroethyl) Ether,Di-(2-chloroethyl) ether,111-44-4,18.8,9,5.7,,False
519,Di-(2-Ethyl Hexyl) Sebacate,Di-(2-ethylhexyl) sebacate(DOS),122-62-3,16.2,5,9,256,True
520,Di-(2-Ethylhexyl)Azelate,Di-(2-ethylhexyl) azelate,103-24-2,16.2,4.7,8.4,,True
521,Di-(2-Methoxyethyl) Ether,Di-(2-methoxyethyl) ether,111-96-6,15.7,6.1,6.5,,True
522,Di-2-Ethylhexyl Amine,Di-2-ethylhexylamine,106-20-7,15.6,0.8,3.2,,False
523,Di-2-Ethylhexyl Ether,Di-2-ethylhexyl ether,10143-60-9,15.9,2.6,2.5,,True
524,Di-Isobutyl Carbinol,Diisobutyl carbinol,108-82-7,14.9,3.1,10.8,,True
525,Di-Isobutyl Ketone,Diisobutyl ketone,108-83-8,16,3.7,4.1,,True
526,Di-Isobutyl Sulfoxide,Diisobutyl sulfoxide,3085-40-3,16.3,10.5,6.1,,False
527,Di-Isodecyl Phthalate,Diisodecyl phthalate(DIDP),26761-40-0,16.6,6.2,2.6,420,True
528,Di-Isoheptyl Phthalate,Diisoheptyl phthalate(DIHP),71888-89-6,16.8,7.2,3.4,,True
529,Di-Isononyl Adipate,Diisononyl adipate(DINA),33703-08-1,16.7,1.8,4.9,,True
530,Di-Isononyl Phthalate,Diisononyl phthalate(DINP),28553-12-0,16.6,6.6,2.9,,True
531,Di-Isopropyl Methyl Phosphonate,Diisopropyl methylphosphonate,1445-75-6,16.4,10,5.7,,False
532,Di-Isopropyl Phosphonofluoridate,Diisopropyl phosphonofluoridate,55-91-4,15.7,10.2,5.9,,False
533,Di-Isopropyl Sulfoxide,Diisopropyl sulfoxide,2211-89-4,17,11.5,7.4,,False
534,Di-n-Butyl Ether,Di-n-butyl ether,142-96-1,15.2,3.4,3.2,,True
535,Di-n-Butyl Sulfoxide,Di-n-butyl sulfoxide,2168-93-6,16.4,10.5,6.1,,False
536,Di-n-Pentyl Ether,Di-n-pentyl ether,693-65-2,15.6,3.1,3,,True
537,Di-n-Propyl Ether,Di-n-propyl ether,111-43-3,15.1,3.2,3.2,,True
538,Di-n-Propyl Sulfoxide,Di-n-propyl sulfoxide,4253-91-2,17,13,7.4,,False
539,Di-sec-Butyl Ether,Di-sec-butyl ether,6863-58-7,15.2,3.5,3.3,,True
540,Diacetone Alcohol,Diacetone alcohol,123-42-2,15.8,8.2,10.8,,True
541,Diallyl Amine,Diallylamine,0124-02-07,15.6,4.5,6.7,,False
542,Diallyl Ether,Diallyl ether,557-40-4,15.3,4.4,5.3,,True
543,Diazomethane,Diazomethane,334-88-3,14.7,6.1,11.3,,False
544,Dibasic Esters (DBE),Dibasic esters (DBE),95481-62- 2,16.2,6.5,8.4,,True
545,Dibenzyl Ether,Dibenzyl ether,103-50-4,19.6,3.4,5.2,,True
546,Dibenzyl Sebacate,Dibenzyl sebacate(DBzS),140-24-9,17.8,2.2,5.5,257,True
547,Dibromomethane (Methylene Dibromide),Dibromomethane,74-95-3,19,6.4,7,,False
548,Dibutyl Amine,Dibutylamine,111-92-2,15,3,4.3,,False
549,Dibutyl Ketone,Dibutyl ketone,502-56-7,16,7.7,4.4,,True
550,Dibutyl Maleate,Dibutyl maleate,105-76-0,16.5,6.1,7.2,,True
551,Dibutyl Phthalate,Dibutyl phthalate(DBP),84-74-2,17.8,8.6,4.1,340,True
552,Dibutyl Sebacate,Dibutyl sebacate(DBS),109-43-3,16.7,4.5,4.1,344.5,True
553,Dichloroacetaldehyde,Dichloroacetaldehyde,1979-02-07,16.7,9.1,7.5,,False
554,Dichloroacetic Acid,Dichloroacetic acid,79-43-6,18.2,8.1,12.2,,False
555,Dichloroacetonitrile,Dichloroacetonitrile,3018-12-0,17.4,9.4,6.4,,False
556,Dichlorodifluoromethane (Freon 12),Dichlorodifluoromethane (Freon 12),75-71-8,14.9,2,0,,False
557,Dichloroethylene (Trans),trans-Dichloroethylene,156-60-5,16.7,7.8,3.3,,False
558,Dichloromethyl Methyl Ether,Dichloromethyl methyl ether,4885-02-03,17.1,12.9,6.5,,False
559,Dichloromonofluoromethane (Freon21),Dichlorofluoromethane (Freon 21),75-43-4,15.8,3.1,5.7,,False
560,Diethanolamine,Diethanolamine,111-42-2,17.2,7,19,,True
561,Diethyl Adipate,Diethyl adipate(DEA),141-28-6,16.4,6.2,7.5,251,True
562,Diethyl Amine,Diethylamine,109-89-7,14.9,2.3,6.1,,False
563,Diethyl Carbonate,Diethyl carbonate,105-58-8,15.1,6.3,3.5,,True
564,Diethyl Ether,Diethyl ether,60-29-7,14.5,2.9,4.6,,True
565,Diethyl Glutarate,Diethyl glutarate,818-38-2,16.3,7,7.8,,True
566,Diethyl Ketone,Diethyl ketone,96-22-0,15.8,7.6,4.7,,True
567,Diethyl Malonate,Diethyl malonate,105-53-3,16.1,7.7,8.3,,True
568,Diethyl Oxalate,Diethyl oxalate,95-92-1,16.2,8,8.8,,True
569,Diethyl Phthalate,Diethyl phthalate(DEP),84-66-2,17.6,9.6,4.5,295,True
570,Diethyl Succinate,Diethyl succinate,123-25-1,16.2,6.8,8.7,,True
571,Diethyl Sulfate,Diethyl sulfate,64-67-5,15.7,12.7,5.1,,False
572,Diethyl Sulfide,Diethyl sulfide,352-93-2,16.8,3.1,2,,False
573,Diethyldisulfide,Diethyl disulfide,110-81-6,17,6.7,5.7,,False
574,Diethylene Glycol,Diethylene glycol,111-46-6,16.6,12,19,,True
575,Diethylene Glycol Butyl Ether Acetate,Diethylene glycol butyl ether acetate,124-17-4,16,4.1,8.2,,True
576,Diethylene Glycol Dibutyl Ether,Diethylene glycol dibutyl ether,112-73-2,15.8,4.7,4.4,,True
577,Diethylene Glycol Diethyl Ether,Diethylene glycol diethyl ether,112-36-7,15.8,5.9,5.6,,True
578,Diethylene Glycol Divinyl Ether,Diethylene glycol divinyl ether,764-99-8,16,7.3,7.9,,True
579,Diethylene Glycol Hexyl Ether,Diethylene glycol hexyl ether,112-59-4,16,6,10,,True
580,Diethylene Glycol Methyl t-Butyl Ether,Diethylene glycol methyl t-butyl ether,52788-79-1,16,7.2,7.2,,True
581,Diethylene Glycol Monobutyl Ether,Diethylene glycol monobutyl ether,112-34-5,16,7,10.6,,True
582,Diethylene Glycol Monoethyl Ether,Diethylene glycol monoethyl ether,111-90-0,16.1,9.2,12.2,,True
583,Diethylene Glycol Monoethyl Ether Acetate,Diethylene glycol monoethyl ether acetate,112-15-2,16.2,5.1,9.2,,True
584,Diethylene Glycol Monomethyl Ether,Diethylene glycol monomethyl ether,111-77-3,16.2,7.8,12.6,,True
585,Diethylene Glycol Monopropyl Ether,Diethylene glycol monopropyl ether,6881-94-3,16,7.2,11.3,,True
586,Diethylenetriamine,Diethylenetriamine,111-40-0,16.7,7.1,14.3,,False
587,Diethylhexyl Phthalate (Dioctyl Phthalate),"Diethylhexyl phthalate (Dioctyl phthalate)(DEHP,DOP)",117-81-7,16.6,7,3.1,385,True
588,Dihexyl Ether,Dihexyl ether,112-58-3,16,3,2.8,,True
589,Dihexyl Phthalate,Dihexyl phthalate(DHP),84-75-3,17,7.6,3.6,210,True
590,Dihydrogen Disulfide,Dihydrogen disulfide,13465-07-01,17.3,6.3,10.7,,False
591,Dihydropyran,Dihydropyran,110-87-2,17.5,5.5,5.7,,True
592,Diisobutyl Adipate,Diisobutyl adipate(DIBA),0141-04-08,16.7,2.5,6.2,293,True
593,Diisopropylamine,Diisopropylamine,108-18-9,14.8,1.7,3.5,,False
594,Diketene,Diketene,674-82-8,16.2,14.5,7.8,,True
595,Dimethoxymethane,Dimethoxymethane,109-87-5,15,1.8,8.6,,True
596,Dimethyl Isosorbide,Dimethyl isosorbide,5306-85-4,17.6,7.1,7.5,,True
597,Dimethyl 2-Methylglutarate,Dimethyl 2-methylglutarate,14035-94-0,16.6,8.7,5,,True
598,Dimethyl Acetylene,Dimethylacetylene,503-17-3,15.1,3.4,7.6,,False
599,Dimethyl Adipate,Dimethyl adipate(DMA),627-93-0,16.3,6.8,8.5,227,True
600,Dimethyl Amine,Dimethylamine,124-40-3,15.3,4.8,11.2,,False
601,Dimethyl Carbonate,Dimethyl carbonate,616-38-6,15.5,8.6,9.7,,True
602,Dimethyl Cellosolve,Dimethyl cellosolve,110-71-4,15.4,6,6,,True
603,Dimethyl Disulfide,Dimethyl disulfide,624-92-0,17.6,7.8,6.5,,False
604,Dimethyl Ethanolamine,Dimethyl ethanolamine,108-01-0,16.1,9.2,14,,True
605,Dimethyl Ether,Dimethyl ether,0115-10-06,15.2,6.1,5.7,,True
606,Dimethyl Formamide (DMF),Dimethylformamide (DMF),1968-12-02,17.4,13.7,11.3,,False
607,Dimethyl Glutarate,Dimethyl glutarate,1119-40-0,16.1,7.7,8.3,,True
608,Dimethyl Ketene,Dimethylketene,598-26-5,15.2,7.4,4.8,,True
609,Dimethyl Maleate,Dimethyl maleate,624-48-6,16.3,8.3,9.8,,True
610,Dimethyl Methyl Phosphonate,Dimethyl methylphosphonate,756-79-6,16.7,13.1,7.5,,False
611,Dimethyl Phthalate,Dimethyl phthalate(DMP),0131-11-03,18.6,10.8,4.9,284,True
612,Dimethyl Sebacate,Dimethyl sebacate(DMS),106-79-6,16.6,2.9,6.7,,True
613,Dimethyl Succinate,Dimethyl succinate,106-65-0,16.1,7.7,8.8,,True
614,Dimethyl Sulfate,Dimethyl sulfate,77-78-1,16.5,13,7,,False
615,Dimethyl Sulfide,Dimethyl sulfide,75-18-3,16.1,6.4,7.4,,False
616,Dimethyl Sulfone,Dimethyl sulfone,67-71-0,19,19.4,12.3,,False
617,Dimethyl Sulfoxide (DMSO),Dimethyl sulfoxide (DMSO),67-68-5,18.4,16.4,10.2,,False
618,Dioctyl Adipate,Dioctyl adipate(DOA),123-79-5,16.7,2,5.1,404.84,True
619,Dipentene (Dl-Limonene),Dipentene (dl-Limonene),138-86-3,17.2,1.8,4.3,176,True
620,Diphenyl Acetylene (0 Dipole Moment),Diphenylacetylene,501-65-5,18,2,3.2,,False
621,Diphenyl Acetylene (P By Group Cont.),Diphenylacetylene (P by group cont.),501-65-5,18,2,3.2,,False
622,Diphenyl Ether,Diphenyl ether,101-84-8,19.4,3.4,4,,True
623,Diphenyl Sulfone,Diphenyl sulfone,127-63-9,21.1,14.4,3.4,,False
624,Diphenylamine,Diphenylamine,122-39-4,20,3.3,5.9,,False
625,Diphenylmethane,Diphenylmethane,101-81-5,19.5,1,1,,False
626,Dipropyl Amine,Dipropylamine,142-84-7,15.3,1.4,4.1,,False
627,Dipropyl Ketone,Dipropyl ketone,123-19-3,15.8,7.6,4.9,,True
628,Dipropylene Glycol,Dipropylene glycol,2396-61-4,16.5,10.6,17.7,,True
629,Dipropylene Glycol Methyl Ether,Dipropylene glycol methyl ether,112-28-7,15.5,5.7,11.2,,True
630,Dipropylene Glycol Mono n-Butyl Ether,Dipropylene glycol mono n-butyl ether,29911-28-2,15.7,6.5,10,,True
631,Dipropylene Glycol Mono n-Propyl Ether,Dipropylene glycol mono n-propyl ether,29911-27-1,15.6,6.1,11,,True
632,Dipropylene Glycol Monomethyl Ether Acetate,Dipropylene glycol monomethyl ether acetate,88917-22-0,16.3,4.9,8,,True
633,Ditridecyl Phthalate,Ditridecyl phthalate(DTDP),0119-06-02,16.6,5.4,1.9,,True
634,Divinylsulfide,Divinyl sulfide,627-51-0,16.5,4.6,5.6,,False
635,Dodecane,Dodecane,112-40-3,16,0,0,,False
636,Dodecanol,Dodecanol,112-53-8,16,4,9.3,,True
637,Dopamine,Dopamine,51-61-6,18.2,10.3,19.5,,False
638,Ecstasy,Ecstasy,42542-10-9,18,5.1,6.1,,False
639,Eicosane,Eicosane,112-95-8,16.5,0,0,,False
640,Epichlorohydrin,Epichlorohydrin,106-89-8,17.5,7.6,7.6,,False
641,Epsilon-Caprolactam,ε-Caprolactam,105-60-2,19.4,13.8,3.9,,False
642,Ethane,Ethane,74-84-0,15.5,0,0,,False
643,Ethane (Liq. B.P.),Ethane (Liq. B.P.),74-84-0,15.6,0,0,,False
644,Ethanesulfonylchloride,Ethanesulfonyl chloride,594-44-5,17.7,14.9,6.8,,False
645,Ethanethiol (Ethyl Mercaptan),Ethanethiol,1975-08-01,15.7,6.5,7.1,,False
646,Ethanol,Ethanol,64-17-5,15.8,8.8,19.4,,True
647,Ethanolamine,Ethanolamine,141-43-5,17,15.5,21,,True
648,Ethoxyethyl Propionate,Ethoxyethyl propionate,14272-48-1,16.2,3.3,8.8,,True
649,Ethyl Acetate,Ethyl acetate,141-78-6,15.8,5.3,7.2,,True
650,Ethyl Aceto Acetate (Keto),Ethyl acetoacetate,141-97-9,16.5,7.3,8.3,,True
651,Ethyl Acetylene,Ethylacetylene,107-00-6,15.1,3.4,5,,False
652,Ethyl Acrylate,Ethyl acrylate,140-88-5,15.5,7.1,5.5,,True
653,Ethyl Amine,Ethylamine,1975-04-07,15,5.6,10.7,,False
654,Ethyl Amyl Ketone,Ethyl amyl ketone,106-68-3,16.2,4.5,4.1,,True
655,Ethyl Benzene,Ethylbenzene,100-41-4,17.8,0.6,1.4,,False
656,Ethyl Benzoate,Ethyl benzoate,93-89-0,17.9,6.2,6,,True
657,Ethyl Bromide,Ethyl bromide,74-96-4,16.5,8.4,2.3,,False
658,Ethyl Butyl Ether,Ethyl butyl ether,628-81-9,14.5,3.9,4.7,,True
659,Ethyl Butyl Ketone,Ethyl butyl ketone,106-35-4,16.2,5,4.1,,True
660,Ethyl Butyrate,Ethyl butyrate,105-54-4,15.5,5.6,5,,True
661,Ethyl Capronate,Ethyl caproate,123-66-0,15.5,3.2,5.9,,True
662,Ethyl Carbamate,Ethyl carbamate,51-79-6,16.8,10.1,13,,False
663,Ethyl Carbylamine,Ethyl carbylamine,624-79-3,15.6,15.2,5.8,,False
664,Ethyl Chloride,Ethyl chloride,75-00-3,15.7,6.1,2.9,,False
665,Ethyl Chloroformate,Ethyl chloroformate,541-41-3,16.4,11,8,,False
666,Ethyl Cinnamate,Ethyl cinnamate,103-36-6,18.4,8.2,4.1,,True
667,Ethyl Cyanoacetate,Ethyl cyanoacetate,105-56-6,16.7,7.9,8.3,,False
668,Ethyl Cyanoacrylate,Ethyl cyanoacrylate,7085-85-0,15.2,10.3,9,,False
669,Ethyl Ethynylether,Ethyl ethynyl ether,927-80-0,15.4,7.9,5.9,,True
670,Ethyl Fluoride,Ethyl fluoride,353-36-6,15.2,9.3,3,,False
671,Ethyl Formate,Ethyl formate,109-94-4,15.5,8.4,8.4,,True
672,Ethyl Hypochlorite,Ethyl hypochlorite,624-85-1,15.7,8.6,6.5,,False
673,Ethyl Iodide,Ethyl iodide,1975-03-06,17.5,7,6,,False
674,Ethyl Isocyanate,Ethyl isocyanate,109-90-0,15.4,12,2.5,,False
675,Ethyl Isopropenyl Ether,Ethyl isopropenyl ether,926-66-9,14.8,3.5,5.1,,True
676,Ethyl Isothiocyanate,Ethyl isothiocyanate,542-85-8,17.2,14.7,9,,False
677,Ethyl Lactate,Ethyl lactate,97-64-3,16,7.6,12.5,,True
678,Ethyl Methacrylate,Ethyl methacrylate,97-63-2,15.8,7.2,7.5,,True
679,Ethyl Methyl Sulfide,Ethyl methyl sulfide,624-89-5,17.1,4.8,2.5,,False
680,Ethyl Oleate,Ethyl oleate,111-62-6,16.2,3.2,4,,True
681,Ethyl Propionate,Ethyl propionate,105-37-3,15.5,6.1,4.9,,True
682,Ethyl Thiocyanate,Ethyl thiocyanate,542-90-5,15.4,13.4,5.4,,False
683,Ethyl Vinylether,Ethyl vinyl ether,109-92-2,14.9,4.9,5.6,,True
684,Ethyl Vinylketone,Ethyl vinyl ketone,1629-58-9,15.8,11.3,4.5,,True
685,Ethyl-1-Propynylether,Ethyl-1-propynyl ether,14273-06-04,15.9,6.4,5.4,,True
686,Ethylene,Ethylene,74-85-1,15,2,3.8,,False
687,Ethylene Carbonate,Ethylene carbonate,96-49-1,18,21.7,5.1,,True
688,Ethylene Chlorohydrin,Ethylene chlorohydrin,0107-07-03,16.9,8.8,17.2,,False
689,Ethylene Cyanohydrin,Ethylene cyanohydrin,109-78-4,17.2,18.8,17.6,,False
690,Ethylene Dibromide,Ethylene dibromide,106-93-4,19.2,3.5,8.6,,False
691,Ethylene Dichloride,Ethylene dichloride,0107-06-02,18,7.4,4.1,,False
692,Ethylene Dinitrate,Ethylene dinitrate,628-96-6,16.2,18,6,,False
693,Ethylene Glycol,Ethylene glycol,107-21-1,17,11,26,,True
694,Ethylene Glycol Butyl Ether Acetate,Ethylene glycol butyl ether acetate,0112-07-02,15.3,7.5,6.8,,True
695,Ethylene Glycol Butyl Ethyl Ether,Ethylene glycol butyl ethyl ether,4413-13-2,15.3,4.9,4.6,,True
696,Ethylene Glycol Butyl Methyl Ether,Ethylene glycol butyl methyl ether,13343-98-1,15.5,5.2,4.9,,True
697,Ethylene Glycol Di-t-Butyl Ether,Ethylene glycol di-t-butyl ether,26547-47-7,14.7,4.1,8.2,,True
698,Ethylene Glycol Diacetate,Ethylene glycol diacetate,111-55-7,16.2,4.7,9.8,,True
699,Ethylene Glycol Dibutyl Ether,Ethylene glycol dibutyl ether,112-48-1,15.7,4.5,4.2,,True
700,Ethylene Glycol Diethyl Ether,Ethylene glycol diethyl ether,629-14-1,15.4,5.4,5.2,,True
701,Ethylene Glycol Dimethyl Ether,Ethylene glycol dimethyl ether,110-71-4,15.4,6.3,6,,True
702,Ethylene Glycol Methyl t-Butyl Ether,Ethylene glycol methyl t-butyl ether,66728-50-5,15.3,5.1,8.2,,True
703,Ethylene Glycol Mono 2-Ethyl Hexyl Ether,Ethylene glycol mono 2-ethylhexyl ether,1559-35-9,16,4.1,10.5,,True
704,Ethylene Glycol Mono Benzyl Ether,Ethylene glycol mono benzyl ether,0622-08-02,17.8,5.9,12.2,,True
705,Ethylene Glycol Mono Ethyl Ether Acrylate,Ethylene glycol monoethyl ether acrylate,106-74-1,15.9,5.1,9.3,,True
706,Ethylene Glycol Mono n-Hexyl Ether,Ethylene glycol mono n-hexyl ether,112-25-4,16,5,11.4,,True
707,Ethylene Glycol Mono n-Propyl Ether,Ethylene glycol mono n-propyl ether,2807-30-9,16.1,8.7,13.5,,True
708,Ethylene Glycol Mono t-Butyl Ether,Ethylene glycol mono t-butyl ether,7580-85-0,15.3,6.1,10.8,,True
709,Ethylene Glycol Monobutyl Ether,Ethylene glycol monobutyl ether,111-76-2,16,5.1,12.3,,True
710,Ethylene Glycol Monoethyl Ether,Ethylene glycol monoethyl ether,110-80-5,15.9,7.2,14,,True
711,Ethylene Glycol Monoethyl Ether Acetate,Ethylene glycol monoethyl ether acetate,111-15-9,15.9,4.7,10.6,,True
712,Ethylene Glycol Monoisobutyl Ether,Ethylene glycol monoisobutyl ether,4439-24-1,15.2,4.9,9.6,,True
713,Ethylene Glycol Monoisopropyl Ether,Ethylene glycol monoisopropyl ether,109-59-1,16,8.2,13.1,,True
714,Ethylene Glycol Monomethyl Ether,Ethylene glycol monomethyl ether,109-86-4,16,8.2,15,,True
715,Ethylene Glycol Monomethyl Ether Acetate,Ethylene glycol monomethyl ether acetate,110-49-6,15.9,5.5,11.6,,True
716,Ethylene Glycol Sulfite,Ethylene glycol sulfite,3741-38-6,20,15.9,5.1,,False
717,Ethylene Methyl Sulfonate,Ethylene methyl sulfonate,4672-49-5,16.9,9.3,9.6,,False
718,Ethylene Oxide,Ethylene oxide,75-21-8,15.6,10,11,,True
719,Ethylene Sulfide,Ethylene sulfide,0420-12-02,19.3,9,6.5,,False
720,Ethylenediamine,Ethylenediamine,107-15-3,16.6,8.8,17,,False
721,Ethyleneimine,Ethyleneimine,151-56-4,17.7,11,9.8,,False
722,Ethylidene Acetone,Ethylidene acetone,625-33-2,16.2,12.1,4.5,,True
723,Ethynyl Methyl Ether,Ethynyl methyl ether,6443-91-0,15.8,8.1,6.5,,True
724,Ethynyl Propyl Ether,Ethynyl propyl ether,42842-08-0,15.4,3.8,5.4,,True
725,Eugenol,Eugenol,97-53-0,19,7.5,13,,True
726,Fenchene(A),Fenchene,471-84-1,16.9,1.5,3.1,,True
727,Ferulic Acid,Ferulic acid,1135-24-6,19,6.6,15.1,,True
728,Fluorene,Fluorene,86-73-7,21.3,1.7,1.7,,False
729,Fluorobenzene,Fluorobenzene,0462-06-06,18.1,6.1,2,,False
730,Fluoroethylene,Fluoroethylene,1975-02-05,15.2,7,1,,False
731,Fluoromethane,Fluoromethane,593-53-3,13.4,10.6,9.5,,False
732,Fluoroprene,Fluoroprene,381-61-3,14.2,5.8,1,,False
733,Formaldehyde,Formaldehyde,50-00-0,12.8,14.4,15.4,,True
734,Formamide,Formamide,1975-12-07,17.2,26.2,19,,False
735,Formic Acid,Formic acid,64-18-6,14.6,10,14,,True
736,Formyl Fluoride,Formyl fluoride,1493-02-03,15,10.1,8.6,,False
737,Fumaronitrile,Fumaronitrile,764-42-1,16.7,13.6,7.8,,False
738,Furan,Furan,110-00-9,17,1.8,5.3,,True
739,Furfural,Furfural,1998-01-01,18.6,14.9,5.1,,True
740,Furfuryl Alcohol,Furfuryl alcohol,98-00-0,17.4,7.6,15.1,,True
741,Glycerol,Glycerol,56-81-5,17.4,11.3,27.2,,True
742,Glycerol Carbonate,Glycerol carbonate,931-40-8,17.9,25.5,17.4,,True
743,Glycerol Carbonate Acetate,Glycerol carbonate acetate,1607-31-4,17.1,14.7,9.2,,True
744,Glycerol Carbonate Ethyl Ether,Glycerol carbonate ethyl ether,307949-19-5,16.8,18.5,8.7,,True
745,Glycerol Diacetate,Glycerol diacetate,,16.4,8.9,14.2,,True
746,Glycerol Formal,Glycerol formal,4740-78-7 5464-28-8,18.4,10.6,16.5,,True
747,Glycerol Triacetate,Glycerol triacetate,102-76-1,16.5,4.5,9.1,,True
748,Glycerol Tributyrate,Glycerol tributyrate,1960-01-05,16.3,2.5,7,,True
749,Glycerol Trioleate,Glycerol trioleate,122-32-7,16,3.8,3.2,,True
750,Glycidol,Glycidol,556-52-5,18.2,9,17.9,,True
751,Glycidyl Methacrylate,Glycidyl methacrylate,106-91-2,16.3,8.5,5.7,,True
752,Glyoxal (Ethandial),Glyoxal,107-22-2,15,17,13.3,,True
753,HCFC 134a,HCFC 134a,811-97-2,16.1,4,0,,False
754,HCFC 141b,HCFC 141b,1717-00-6,15.7,4,1,,False
755,HCFC 225ca,HCFC 225ca,422-56-0,14.9,3.5,1,,False
756,HCFC 225cb,HCFC 225cb,507-55-1,13.1,2.9,1,,False
757,HCFC 253eb,HCFC 253eb,460-35-5,14.6,7.3,1,,False
758,HCFC-225ca:cb (45:55),HCFC-225ca:cb (45:55),,14.1,3.2,1,,False
759,HCFC123,HCFC 123,306-83-2,15,5.4,1,,False
760,Heptane,Heptane,142-82-5,15.3,0,0,,False
761,Hexachloroacetone,Hexachloroacetone,116-16-5,18.3,3,3,,False
762,Hexachlorobenzene,Hexachlorobenzene,118-74-1,20.3,2.1,0,,False
763,Hexachloroethane,Hexachloroethane,67-72-1,18.6,2,0,,False
764,Hexadecane,Hexadecane,544-76-3,16.3,0,0,,False
765,Hexafluoro Isopropanol,Hexafluoroisopropanol,920-66-1,17.2,4.5,14.7,,False
766,"Hexafluoro-1,3-Butadiene","Hexafluoro-1,3-butadiene",685-63-2,13.8,0,0,,False
767,Hexafluorobenzene,Hexafluorobenzene,392-56-3,16,0,0,,False
768,Hexafluorohexanol,Hexafluorohexanol,,15.1,4.4,9.9,,False
769,Hexamethyl Benzene,Hexamethylbenzene,87-85-4,19.2,1.6,0,,False
770,Hexamethylenetetramine,Hexamethylenetetramine,100-97-0,19.4,7,16,,False
771,Hexamethylphosphoramide,Hexamethylphosphoramide,680-31-9,18.5,11.6,8.7,,False
772,Hexanal,Hexanal,66-25-1,15.8,8.4,5.3,,True
773,Hexane,Hexane,110-54-3,14.9,0,0,,False
774,"Hexane 1,6 Diol","1,6-Hexanediol",0629-11-08,15.7,8.4,17.8,,True
775,Hexanoic Acid,Hexanoic acid,142-62-1,16.3,4.2,11.5,,True
776,Hexyl Acetate,Hexyl acetate,142-92-7,15.8,2.9,5.9,,True
777,Hexylene Glycol Diacetate,Hexylene glycol diacetate,6222-17-9,15.3,4.5,7.2,,True
778,HFC 245fa,HFC 245fa,460-73-1,15.4,3,0,,False
779,HFC 338pcc,HFC 338pcc,377-36-6,13.7,0,0,,False
780,HFC-365mfc,HFC-365mfc,406-58-6,16.4,0,0,,False
781,HFC-43-10mee,HFC-43-10mee,138495-42-8,11.6,0,0,,False
782,HFE 7000,HFE 7000,0375-03-01,13,4.2,1,,False
783,HFE 7100,HFE 7100,32630-07-06,13.7,2.2,1,,False
784,HFE 7500,HFE 7500,297730-93-9,13.3,2,1,,False
785,HFE 8200,HFE 8200,,13,4,1,,False
786,Hydrazine,Hydrazine,0302-01-02,14.2,8.3,8.9,,False
787,Hydrogen Cyanide,Hydrogen cyanide,74-90-8,12.3,17.6,9,,False
788,Hydrogen Peroxide,Hydrogen peroxide,7722-84-1,15.5,12.2,42.7,,True
789,Hydrogen Sulfide,Hydrogen sulfide,7783-06-04,17.9,6,10.2,,False
790,Hydroxyethyl Acrylate,Hydroxyethyl acrylate,818-61-1,16,13.2,13.4,,True
791,Indene,Indene,95-13-6,18.7,2.6,9,,False
792,Indole,Indole,120-72-9,20.5,7.5,6.5,,False
793,Iodobenzene,Iodobenzene,591-50-4,19.9,5.6,6.1,,False
794,Iodoform,Iodoform,75-47-8,20.2,3.6,10.6,,False
795,Iodoprene,Iodoprene,19221-28-4,17.2,2.5,6.2,,False
796,Isoamyl Acetate,Isoamyl acetate,123-92-2,15.3,3.1,7,,True
797,Isoamyl Alcohol (3-Methyl-1-Butanol),Isoamyl alcohol,123-51-3,15.8,5.2,13.3,,True
798,Isoamyl Propionate,Isoamyl propionate,105-68-0,15.7,5.2,5.6,,True
799,Isobutyl Acetate,Isobutyl acetate,110-19-0,15.1,3.7,6.3,,True
800,Isobutyl Acrylate,Isobutyl acrylate,106-63-8,15.5,6.2,5,,True
801,Isobutyl Alcohol,Isobutyl alcohol,78-83-1,15.1,5.7,15.9,,True
802,Isobutyl Formate,Isobutyl formate,542-55-2,15.5,6.5,6.7,,True
803,Isobutyl Isobutyrate,Isobutyl isobutyrate,97-85-8,15.1,2.8,5.8,,True
804,Isobutyl Sulfoxide,Isobutyl sulfoxide,3085-40-3,16.3,10.5,6.1,,False
805,Isobutylene,Isobutylene,0115-11-07,14.5,2,1.5,,False
806,Isobutyleneoxide,Isobutylene oxide,558-30-5,16.1,4.8,5.8,,True
807,Isobutyric Acid,Isobutyric acid,79-31-2,15.7,5.4,10.5,,True
808,Isocyanic Acid,Isocyanic acid,75-13-8,15.8,10.5,13.6,,False
809,Isooctyl Alcohol,Isooctyl alcohol,26952-21-6,14.4,7.3,12.9,,True
810,Isopentane,Isopentane,78-78-4,13.8,0,0,,False
811,Isophorone,Isophorone,78-59-1,17,8,5,,True
812,"Isoprene (2-Methyl-1,3-Butadiene)",Isoprene,78-79-5,14.7,1.4,4.1,,False
813,Isopropyl Acetate,Isopropyl acetate,108-21-4,14.9,4.5,8.2,,True
814,Isopropyl Amine (2-Propan Amine),Isopropylamine,75-31-0,14.8,4.4,6.6,,False
815,Isopropyl Benzene (Cumene),Isopropylbenzene (Cumene),98-82-8,18.1,1.2,1.2,,False
816,Isopropyl Chloride (2-Chloro Propane),Isopropyl chloride,75-29-6,15,8,2,,False
817,Isopropyl Ether,Isopropyl ether,108-20-3,15.1,3.2,3.2,,True
818,Isopropyl Palmitate,Isopropyl palmitate,142-91-6,16.2,3.9,3.7,,True
819,Isovaleraldehyde,Isovaleraldehyde,590-86-3,14.7,9.5,5,,True
820,Isovaleric Acid,Isovaleric acid,503-74-2,16.4,4.1,10.7,,True
821,Isoxazole,Isoxazole,288-14-2,18.8,13.4,11.2,,False
822,Ketene,Ketene,463-51-4,15.4,7.3,5.8,,True
823,l-Dopa,L-DOPA,59-92-7,18,8.2,20.3,,False
824,l-Menthol,l-Menthol,2216-51-5,16,4.7,9,,True
825,l-Menthone,l-Menthone,10458-14-7,17,8.1,4.4,,True
826,l-Menthyl Acetate,l-Menthyl acetate,2623-23-6,16.8,4.7,4.9,,True
827,l-Tyrosine,L-Tyrosine,60-18-4,17.5,6.9,17.2,,False
828,Lactic Acid (dl),Lactic acid,50-21-5,17,8.3,28.4,,True
829,Lauryl Methacrylate,Lauryl methacrylate,142-90-5,14.4,2.2,5.1,,True
830,m-Chloroaniline,m-Chloroaniline,108-42-9,20.2,7.3,9.8,,False
831,m-Cresol,m-Cresol,108-39-4,18.5,6.5,13.7,,True
832,m-Dichlorobenzene,m-Dichlorobenzene,541-73-1,19.2,5.1,2.7,,False
833,Maleic Anhydride,Maleic anhydride,108-31-6,19.5,13.3,11.9,,True
834,Malononitrile,Malononitrile,109-77-3,17,18.4,6.7,,False
835,Meclofenoxate,Meclofenoxate,51-68-3,16,6.2,9,,False
836,Menthofuran,Menthofuran,494-90-6,17.2,4.6,5.6,,True
837,Mesityl Oxide,Mesityl oxide,141-79-7,16.4,7.2,5,,True
838,Mesitylene,Mesitylene,108-67-8,18,0.6,0.6,,False
839,Methacrylaldehyde,Methacrylaldehyde,78-85-3,15,10.3,7.1,,True
840,Methacrylamide,Methacrylamide,79-39-0,15.8,11,11.6,,False
841,Methacrylic Acid,Methacrylic acid,79-41-4,15.8,2.8,12,,True
842,Methacrylonitrile,Methacrylonitrile,126-98-7,15.8,9.5,5.4,,False
843,Methane (Liquid B.P.),Methane (Liquid B.P.),74-82-8,14,0,0,,False
844,Methanol,Methanol,67-56-1,14.7,12.3,22.3,,True
845,Methanol Cluster,Methanol cluster,67-56-1,14.7,5,10,,True
846,Methoxy Methanol,Methoxymethanol,4461-52-3,16,9,18.5,,True
847,Methoxyhexanone (Pentoxone),Methoxyhexanone (Pentoxone),107-70-0,15.3,6,5.9,,True
848,Methyl 1-Propenyl Ether,Methyl 1-propenyl ether,7319-16-6,15,4.3,5.7,,True
849,Methyl Acetate,Methyl acetate,79-20-9,15.5,7.2,7.6,,True
850,Methyl Aceto Acetate,Methyl acetoacetate,105-45-3,16.4,8.6,8.9,,True
851,Methyl Acetylene,Methylacetylene,74-99-7,15.1,3.8,9.2,,False
852,Methyl Acrylate,Methyl acrylate,96-33-3,15.3,6.7,9.4,,True
853,Methyl Allyl Cyanide,Methyl allyl cyanide,16529-56-9,16.4,11.3,5.1,,False
854,Methyl Amine,Methylamine,74-89-5,14.4,7,16,,False
855,Methyl Amyl Acetate,Methyl amyl acetate,108-84-9,15.2,3.1,6.8,,True
856,Methyl Benzoate,Methyl benzoate,93-58-3,18.9,8.2,4.7,,True
857,Methyl Bromide,Methyl bromide,74-83-9,17,8.8,2.6,,False
858,Methyl Butyl Ketone,Methyl butyl ketone,591-78-6,15.3,6.1,4.1,,True
859,Methyl Chloride,Methyl chloride,74-87-3,15.3,9.9,3.9,,False
860,Methyl Chloroformate,Methyl chloroformate,79-22-1,16.3,9.5,8.5,,False
861,Methyl Cyanoacetate,Methyl cyanoacetate,105-34-0,16.9,14.9,9.9,,False
862,Methyl Cyclohexane,Methylcyclohexane,108-87-2,16,0,1,,False
863,Methyl Cyclopentane,Methylcyclopentane,96-37-7,16,0,1,,False
864,Methyl Ethyl Ether,Methyl ethyl ether,540-67-0,14,4.7,6,,True
865,Methyl Ethyl Ketone (MEK),Methyl ethyl ketone (MEK),78-93-3,16,9,5.1,,True
866,Methyl Ethyl Ketoxime,Methyl ethyl ketoxime,96-29-7,14.7,4.9,7.8,,True
867,Methyl Formate,Methyl formate,107-31-3,15.3,8.4,10.2,,True
868,Methyl Furoate,Methyl furoate,611-13-2,17.4,6.9,9.7,,True
869,Methyl Glyoxal,Methyl glyoxal,78-98-8,15.5,16.1,9.7,,True
870,Methyl Hydrazine,Methylhydrazine,60-34-4,16.2,8.7,14.8,,False
871,Methyl Hydroperoxide,Methyl hydroperoxide,3031-73-0,15,15,30,,True
872,Methyl Iodide,Methyl iodide,74-88-4,17.5,7.7,5.3,,False
873,Methyl Isoamyl Ketone,Methyl isoamyl ketone,0110-12-03,16,5.7,4.1,,True
874,Methyl Isobutyl Carbinol,Methyl isobutyl carbinol,0108-11-02,15.4,3.3,12.3,,True
875,Methyl Isobutyl Ketone (MIBK),Methyl isobutyl ketone (MIBK),0108-10-01,15.3,6.1,4.1,,True
876,Methyl Isocyanate,Methyl isocyanate,624-83-9,15.6,11.5,2.5,,False
877,Methyl Isopropenyl Ketone,Methyl isopropenyl ketone,814-78-8,15.9,12.1,4.5,,True
878,Methyl Isothiocyanate,Methyl isothiocyanate,556-61-6,17.3,16.2,10.1,,False
879,Methyl Mercaptan,Methyl mercaptan,74-93-1,16.6,7.7,8.6,,False
880,Methyl Methacrylate,Methyl methacrylate,80-62-6,15.8,6.5,5.4,,True
881,Methyl n-Amyl Ketone,Methyl n-amyl ketone,110-43-0,16.2,5.7,4.1,,True
882,Methyl n-Propyl Ketone,Methyl n-propyl ketone,107-87-9,16,7.6,4.7,,True
883,Methyl Nitrate,Methyl nitrate,598-58-3,15.8,14,4.8,,False
884,Methyl Oleate,Methyl oleate,112-62-9,16.2,3.8,4.5,,True
885,Methyl Phenyl Sulfide,Methyl phenyl sulfide,100-68-5,19.6,4.8,4.7,,False
886,Methyl Phenyl Sulfone (Uncertain),Methyl phenyl sulfone,3112-85-4,20,16.9,7.8,,False
887,Methyl Phosphonic Difluoride,Methylphosphonic difluoride,676-99-3,14,14,8.4,,False
888,Methyl Propionate,Methyl propionate,0554-12-01,15.5,6.5,7.7,,True
889,Methyl Riboside,Methyl riboside,,17,12,32.8,,True
890,Methyl Salicylate,Methyl salicylate,119-36-8,18.1,8,13.9,,True
891,Methyl Silane,Methylsilane,992-94-9,15.5,3.3,0,,False
892,Methyl Sulfolane,Methyl sulfolane,872-93-5,19,17.4,5.3,,False
893,Methyl Thiocyanate,Methyl thiocyanate,556-64-9,17.3,15,6,,False
894,Methyl Vinyl Ether,Methyl vinyl ether,107-25-5,14.9,5.3,6.3,,True
895,Methyl Vinyl Ketone,Methyl vinyl ketone,78-94-4,15.6,12.5,5,,True
896,Methyl Vinyl Sulfide,Methyl vinyl sulfide,1822-74-8,16.4,4.9,6,,False
897,Methyl Vinyl Sulfone,Methyl vinyl sulfone,3680-02-02,16.8,19.6,4.8,,False
898,Methyl-1-Propynyl Ether,Methyl-1-propynyl ether,13169-01-02,15.7,6.3,5.9,,True
899,Methyl-4-Toluenesulfonate,Methyl-4-toluenesulfonate,80-48-8,19.6,15.3,3.8,,False
900,Methyl-p-Toluate,Methyl p-toluate,99-75-2,19,6.5,3.8,,True
901,Methyl-t-Butyl Ether,Methyl t-butyl ether (MTBE),1634-04-04,14.8,4.3,5,,True
902,Methylal (Dimethoxy Methane),Methylal,109-87-5,15,1.8,8.6,,True
903,Methylene Dichloride (Dichloromethane),Methylene chloride (Dichloromethane),1975-09-02,17,7.3,7.1,,False
904,Methylene Diiodide (Diiodomethane),Methylene diiodide,1975-11-06,22,3.9,5.5,,False
905,Morpholine,Morpholine,110-91-8,18,4.9,11,,False
906,"N,N,N,N-Tetramethylthiourea","N,N,N',N'-Tetramethylthiourea",2782-91-4,17.3,6,10.5,,False
907,"N,N-Dibutyl Formamide","N,N-Dibutylformamide",761-65-9,15.5,8.9,6.2,,False
908,"N,N-Dichloroethyl Amine","N,N-Dichloroethylamine",334-22-5,16.8,7.6,7.7,,False
909,"N,N-Dichloromethyl Amine","N,N-Dichloromethylamine",7651-91-4,16.5,7.5,8,,False
910,"N,N-Diethyl Acetamide","N,N-Diethylacetamide",685-91-6,16.4,11.3,7.5,,False
911,"N,N-Diethyl Formamide","N,N-Diethylformamide",617-84-5,16.4,11.4,9.2,,False
912,"N,N-Dimethyl Acetamide","N,N-Dimethylacetamide (DMAc)",127-19-5,16.8,11.5,9.4,,False
913,"N,N-Dimethyl Butyramide","N,N-Dimethylbutyramide",760-79-2,16.4,10.6,7.4,,False
914,N-(2-Hydroxyethyl)-2-Pyrrolidone,N-(2-Hydroxyethyl)-2-pyrrolidone,3445-11-02,18,9.2,15.7,,False
915,N-Acetyl Caprolactam,N-Acetylcaprolactam,1888-91-1,18.9,8.7,4.8,,False
916,N-Acetyl Piperidine,N-Acetylpiperidine,618-42-8,18.5,10,6.5,,False
917,N-Acetyl Pyrrolidone,N-Acetylpyrrolidone,932-17-2,17.8,13.1,8.3,,False
918,N-Acetylmorpholine,N-Acetylmorpholine,1696-20-4,18.3,9.8,7.8,,False
919,N-Benzyl Pyrrolidone,N-Benzylpyrrolidone,5291-77-0,18.2,6.1,5.6,,False
920,n-Butyl Acetate,n-Butyl acetate,123-86-4,15.8,3.7,6.3,,True
921,n-Butyl Aceto Acetate,n-Butyl acetoacetate,591-60-6,16.6,5.8,7.3,,True
922,n-Butyl Acrylate,n-Butyl acrylate,141-32-2,15.6,6.2,4.9,,True
923,n-Butyl Amine,n-Butylamine,109-73-9,16.2,4.5,8,,False
924,n-Butyl Butyrate,n-Butyl butyrate,109-21-7,15.6,2.9,5.6,,True
925,n-Butyl Cyclohexane,n-Butylcyclohexane,1678-93-9,16.2,0,0.6,,False
926,n-Butyl Cyclopentane,n-Butylcyclopentane,2040-95-1,16.4,0,1,,False
927,n-Butyl Methacrylate,n-Butyl methacrylate,97-88-1,15.4,5.9,5.2,,True
928,n-Butyl Propionate,n-Butyl propionate,0590-01-02,15.7,5.5,5.9,,True
929,n-Butyl Salicylate,n-Butyl salicylate,2052-14-4,17.9,4.8,11.7,,True
930,n-Butylbenzene,n-Butylbenzene,104-51-8,17.4,0.1,1.1,,False
931,n-Butyramide,n-Butyramide,541-35-5,16.9,13.7,12.3,,False
932,N-Chlorodimethylamine,N-Chlorodimethylamine,1585-74-6,16,7.8,7.9,,False
933,N-Cyclohexyl-2-Pyrrolidone,N-Cyclohexyl-2-pyrrolidone,6837-24-7,18.2,6.8,6.5,,False
934,N-Ethyl Formamide,N-Ethylformamide,627-45-2,16.2,10,14,,False
935,N-Ethyl-2-Pyrrolidone,N-Ethyl-2-pyrrolidone,2687-91-4,18,12,7,,False
936,N-Formyl Hexamethylene Imine,N-Formylhexamethyleneimine,25114-81-2,18.5,10.4,7.6,,False
937,N-Formyl Piperidine,N-Formylpiperidine,2591-86-8,18.7,10.6,7.8,,False
938,n-Heptyl Acetate,n-Heptyl acetate,0112-06-01,15.8,2.9,5.5,,True
939,N-Methyl Acetamide,N-Methylacetamide,79-16-3,16.9,17,13,,False
940,N-Methyl Formamide,N-Methylformamide,123-39-7,17.4,18.8,15.9,,False
941,N-Methyl Morpholine-N-Oxide (App.),N-Methylmorpholine-N-oxide,7529-22-8,19,16.1,10.2,,False
942,N-Methyl Pyrrolidine,N-Methylpyrrolidine,120-94-5,16.8,2.8,6.7,,False
943,N-Methyl-2-Pyrrolidone (NMP),N-Methyl-2-pyrrolidone (NMP),872-50-4,18,12.3,7.2,,False
944,N-Methylaniline,N-Methylaniline,100-61-8,19.5,6,7.8,,False
945,N-n-Butyl Pyrrolidone,N-n-Butylpyrrolidone,3470-98-2,17.5,9.9,5.8,,False
946,n-Pentyl Propionate,n-Pentyl propionate,624-54-4,15.8,5.2,5.7,,True
947,n-Propyl Acetate,n-Propyl acetate,109-60-4,15.3,4.3,7.6,,True
948,n-Propyl Nitrate,n-Propyl nitrate,627-13-4,15.8,11.3,4.1,,False
949,n-Propyl Propanoate,n-Propyl propanoate,106-36-5,15.5,5.6,5.7,,True
950,n-Tetradecane,n-Tetradecane,629-59-4,16.2,0,0,,False
951,"Naphtha,High-Flash","Naphtha, high-flash",8030-30-6,17.9,0.7,1.8,,False
952,Naphthalene,Naphthalene,91-20-3,19.2,2,5.9,,False
953,Nicotine,Nicotine,1954-11-05,18.5,7.8,6.5,,False
954,Nitric Acid,Nitric acid,7697-37-2,13.5,18,18.6,,False
955,Nitrobenzene,Nitrobenzene,98-95-3,20,10.6,3.1,,False
956,Nitroethane,Nitroethane,79-24-3,16,15.5,4.5,,False
957,Nitroethylene,Nitroethylene,3638-64-0,16.3,16.6,5,,False
958,Nitroglycerin (Glyceryl Trinitrate),Nitroglycerin,55-63-0,16.9,13,10.9,,False
959,Nitromethane,Nitromethane,75-52-5,15.8,18.8,6.1,,False
960,Nitrosobenzene,Nitrosobenzene,586-96-9,20,12.7,4,,False
961,Nonane,Nonane,111-84-2,15.7,0,0,,False
962,Nonyl Phenol,Nonylphenol,104-40-5,16.5,4.1,9.2,,True
963,Nonyl Phenoxy Ethanol,Nonylphenoxy ethanol,27986-36-3,16.7,10.2,8.4,,True
964,Norephedrin,Norephedrine,299-42-3,18,10.7,24.1,,False
965,o-Bromoanisole,o-Bromoanisole,578-57-4,19.8,8.4,6.7,,False
966,o-Bromochlorobenzene,o-Bromochlorobenzene,694-80-4,20.3,7.7,4.6,,False
967,o-Bromostyrene,o-Bromostyrene,2039-88-5,19.5,5.2,5.3,,False
968,o-Bromotoluene,o-Bromotoluene,95-46-5,19.3,5,4.2,,False
969,o-Chlorofluorobenzene,o-Chlorofluorobenzene,348-51-6,19.4,8.7,2,,False
970,o-Chlorostyrene,o-Chlorostyrene,2039-87-4,18.7,4.7,3.9,,False
971,o-Chlorothiophenol,o-Chlorothiophenol,6320-03-02,20.2,7,10,,False
972,o-Chlorotoluene,o-Chlorotoluene,95-49-8,19,4.9,2.3,,False
973,o-Dibromobenzene,o-Dibromobenzene,583-53-9,20.7,6.5,5.3,,False
974,o-Dichlorobenzene,o-Dichlorobenzene,95-50-1,19.2,6.3,3.3,,False
975,o-Difluorobenzene,o-Difluorobenzene,0367-11-03,18,9,1,,False
976,o-Methoxyphenol (Guaiacol),o-Methoxyphenol (Guaiacol),1990-05-01,18,7,12,,True
977,o-n-Butyltoluene,o-n-Butyltoluene,1595-11-05,17.6,0.1,1,,False
978,Octadecane,Octadecane,593-45-3,16.4,0,0,,False
979,Octamethylcyclotetrasiloxane,Octamethylcyclotetrasiloxane,556-67-2,12.8,1.3,1,,False
980,Octane,Octane,111-65-9,15.5,0,0,,False
981,Octanoic Acid,Octanoic acid,0124-07-02,15.7,3.3,8.2,,True
982,Octyl Acetate,Octyl acetate,112-14-1,15.8,2.9,5.1,,True
983,Oleic Acid,Oleic acid,112-80-1,16,2.8,6.2,,True
984,Oleyl Alcohol,Oleyl alcohol,143-28-2,16.5,2.6,8,,True
985,OS-10 (Hexamethyldisiloxane),Hexamethyldisiloxane (OS-10),107-46-0,12.6,2,0,,False
986,OS-20 (Octamethyltrisiloxane),Octamethyltrisiloxane (OS-20),107-51-7,12.2,1.8,0,,False
987,OS-30 (Decamethyltetrasiloxane),Decamethyltetrasiloxane (OS-30),141-62-8,11.7,2.4,0,,False
988,Oxalic Acid,Oxalic acid,144-62-7,17,17,26,,True
989,Oxalylchloride,Oxalyl chloride,79-37-8,16.1,3.8,7.5,,False
990,Oxetane (Trimethylene Oxide),Oxetane,503-30-0,16.7,10,5.4,,True
991,Ozone,Ozone,10028-15-6,19.8,4.2,0,,True
992,p-Anisidine (Methoxy Aniline),p-Anisidine,104-94-9,19.9,6.5,11.3,,False
993,p-Bromobenzonitrile,p-Bromobenzonitrile,623-00-7,20.4,9.3,5.8,,False
994,p-Bromobenzoyl Chloride,p-Bromobenzoyl chloride,586-75-4,20.2,6.5,5.5,,False
995,p-Bromonitrobenzene,p-Bromonitrobenzene,586-78-7,20.9,9.9,5.9,,False
996,p-Bromotoluene,p-Bromotoluene,106-38-7,19.3,6.8,4.1,,False
997,p-Chloro Acetophenone,p-Chloroacetophenone,99-91-2,19.6,7.6,4,,False
998,p-Chlorobenzoyl Chloride,p-Chlorobenzoyl chloride,122-01-0,19.9,6.7,5.1,,False
999,p-Chloronitrobenzene,p-Chloronitrobenzene,100-00-5,20.2,8.9,3.9,,False
1000,p-Chlorostyrene,p-Chlorostyrene,1073-67-2,18.7,4.3,3.9,,False
1001,p-Chlorotoluene,p-Chlorotoluene,106-43-4,19.1,6.2,2.6,,False
1002,p-Coumaryl Alcohol,p-Coumaryl alcohol,3690-05-09,19.1,7,17.3,,True
1003,p-Dichlorobenzene,p-Dichlorobenzene,106-46-7,19.7,5.6,2.7,,False
1004,p-Diethyl Benzene,p-Diethylbenzene,0105-05-05,18,0,0.6,,False
1005,p-Divinyl Benzene,p-Divinylbenzene,0105-06-06,18.6,1,7,,False
1006,p-Fluoroanisole,p-Fluoroanisole,459-60-9,18.7,7.3,6.7,,False
1007,p-n-Butyltoluene,p-n-Butyltoluene,1595-05-07,17.4,0.1,1,,False
1008,p-Nitro Toluene,p-Nitrotoluene,99-99-0,19.5,11,3.6,,False
1009,Paracetamol,Paracetamol,103-90-2,17.8,10.5,13.9,,False
1010,Paraldehyde,Paraldehyde,123-63-7,16,5,6,,True
1011,Paraquat,Paraquat,4685-14-7,19.5,8.8,5.9,,False
1012,Pentachloro Ethane,Pentachloroethane,1976-01-07,18.2,3.2,2.4,,False
1013,Pentachlorocyclopropane,Pentachlorocyclopropane,6262-51-7,18.5,10.5,3.7,,False
1014,Pentachlorophenol,Pentachlorophenol,87-86-5,21.5,6.9,12.8,,False
1015,Pentafluorobenzophenone,Pentafluorobenzophenone,652-29-9,19.3,8.1,5.4,,False
1016,Pentanal (Valeraldehyde),Pentanal,110-62-3,15.7,9.4,5.8,,True
1017,Pentane,Pentane,109-66-0,14.5,0,0,,False
1018,Pentanoic Acid,Pentanoic acid,109-52-4,15,4.1,10.3,,True
1019,Perfluoro Dimethylcyclohexane,Perfluorodimethylcyclohexane,374-77-6,12.4,0,0,,False
1020,Perfluoro Ethylene (Tetrafluoro Ethylene,Tetrafluoroethylene,116-14-3,15.1,0,0,,False
1021,Perfluorobutane,Perfluorobutane,355-25-9,10.6,0,0,,False
1022,Perfluoroheptane,Perfluoroheptane,335-57-9,12,0,0,,False
1023,Perfluorohexane (PFC 5060),Perfluorohexane,355-42-0,12.1,0,0,,False
1024,Perfluoromethylcyclohexane,Perfluoromethylcyclohexane,0355-02-02,12.4,0,0,,False
1025,Perfluoropentane (PFC 5050),Perfluoropentane,678-26-2,11.3,0,0,,False
1026,Phenetole (Ethyl Phenyl Ether),Phenetole,103-73-1,18.4,4.5,4,,True
1027,Phenol,Phenol,108-95-2,18.5,5.9,14.9,,True
1028,Phenyl Acetate,Phenyl acetate,122-79-2,19.8,5.2,6.4,,True
1029,Phenyl Acetonitrile,Phenylacetonitrile,140-29-4,19.5,12.3,3.8,,False
1030,Phenyl Acetylene,Phenylacetylene,536-74-3,18.8,2.8,4,,False
1031,Phenylhydrazine,Phenylhydrazine,100-63-0,20.4,6.5,14,,False
1032,Phosgene,Phosgene,75-44-5,16.4,5.3,5.3,,False
1033,Phosphoric Acid,Phosphoric acid,7664-38-2,14.7,18.6,28.4,,False
1034,Phosphorous Oxychloride,Phosphorus oxychloride,10025-87-3,18.1,9.3,0,,False
1035,Phosphorus Trichloride,Phosphorus trichloride,7719-12-02,18.4,3.6,0,,False
1036,Phthalic Anhydride,Phthalic anhydride,85-44-9,20,14.4,4.1,,True
1037,"Picric Acid (2,4,6-Trinitrophenol)",Picric acid,88-89-1,19.2,7,6,,False
1038,Pine Oil,Pine oil,8006-88-0,15.6,3,9.8,,True
1039,Piperazine,Piperazine,110-85-0,17.3,4.8,6,,False
1040,Piperidine,Piperidine,110-89-4,17.3,4.5,8.2,,False
1041,Propane,Propane,74-98-6,13.1,0,0,,False
1042,Propargyl Acetate,Propargyl acetate,0627-09-08,16.3,5.2,8.3,,True
1043,Propargylaldehyde,Propargylaldehyde,624-67-9,16.2,11.9,8.7,,True
1044,Propionaldehyde,Propionaldehyde,123-38-6,15.3,11.1,6.9,,True
1045,"Propionaldehyde - 2,3-Epoxy","2,3-Epoxypropionaldehyde",765-34-4,17.5,13.4,9.8,,True
1046,Propionamide,Propionamide,79-05-0,16.7,14.6,11.5,,False
1047,Propionic Acid,Propionic acid,1979-09-04,14.7,5.3,12.4,,True
1048,Propionic Anhydride,Propionic anhydride,123-62-6,15.8,9,7.7,,True
1049,Propionitrile,Propionitrile,107-12-0,15.3,14.3,5.5,,False
1050,Propionylchloride,Propionyl chloride,1979-03-08,16.1,10.3,5.3,,False
1051,Propyl Amine,Propylamine,0107-10-08,16,4.9,8.6,,False
1052,Propyl Chloride,Propyl chloride,540-54-5,16,7.8,2,,False
1053,Propyl Formate,Propyl formate,110-74-7,15.5,7.1,8.6,,True
1054,Propyl Methacrylate,Propyl methacrylate,2210-28-8,15.5,6.6,7,,True
1055,Propylene,Propylene,0115-07-01,13.3,1.6,1.5,,False
1056,Propylene Carbonate,Propylene carbonate,108-32-7,20,18,4.1,,True
1057,Propylene Chlorohydrin,Propylene chlorohydrin,127-00-4,16.8,9.8,15.3,,False
1058,Propylene Glycol,Propylene glycol,57-55-6,16.8,10.4,21.3,,True
1059,Propylene Glycol Mono-t-Butyl Ether,Propylene glycol mono-t-butyl ether,57018-52-7,15.3,6.1,10.8,,True
1060,Propylene Glycol Monobutyl Ether,Propylene glycol monobutyl ether,5131-66-8,15.3,4.5,9.2,,True
1061,Propylene Glycol Monoethyl Ether,Propylene glycol monoethyl ether,1569-02-04,15.7,6.5,10.5,,True
1062,Propylene Glycol Monoethyl Ether Acetate,Propylene glycol monoethyl ether acetate,54839-24-6,15.6,6.3,7.7,,True
1063,Propylene Glycol Monoisobutyl Ether,Propylene glycol monoisobutyl ether,23436-19-3,15.1,4.7,9.8,,True
1064,Propylene Glycol Monoisopropyl Ether,Propylene glycol monoisopropyl ether,3944-36-3,15.5,6.1,11,,True
1065,Propylene Glycol Monomethyl Ether,Propylene glycol monomethyl ether,107-98-2,15.6,6.3,11.6,,True
1066,Propylene Glycol Monomethyl Ether Acetate,Propylene glycol monomethyl ether acetate,108-65-6,15.6,5.6,9.8,,True
1067,Propylene Glycol Monophenyl Ether,Propylene glycol monophenyl ether,770-35-4,17.4,5.3,11.5,,True
1068,Propylene Glycol Monopropyl Ether,Propylene glycol monopropyl ether,1569-01-03,15.8,7,9.2,,True
1069,Propylene Imine (2-Methyl Aziridine),Propyleneimine,75-55-8,17.8,8.4,6.5,,False
1070,Propylene Oxide,Propylene oxide,75-56-9,15.2,8.6,6.7,,True
1071,Propynonitrile,Propynonitrile,1070-71-9,15.5,17,6.3,,False
1072,Pulegone,Pulegone,89-82-7,17.5,8.9,5.5,,True
1073,Purine,Purine,120-73-0,20.5,11.7,14.2,,False
1074,Pyrazole,Pyrazole,288-13-1,20.2,10.4,12.4,,False
1075,Pyridazine,Pyridazine,289-80-5,20.2,17.4,11.7,,False
1076,Pyridine,Pyridine,110-86-1,19,8.8,5.9,,False
1077,Pyrimidine,Pyrimidine,289-95-2,20.5,9.4,11.3,,False
1078,"Pyrogallol (1,2,3-Trihydroxybenzene)",Pyrogallol,87-66-1,20.7,10.7,21.1,,True
1079,Pyrrole,Pyrrole,109-97-7,19.2,11,10,,False
1080,Pyrrolidine,Pyrrolidine,123-75-1,17.9,6.5,7.4,,False
1081,Pyruvonitrile,Pyruvonitrile,631-57-2,15.9,18.9,8,,False
1082,Quinine,Quinine,130-95-0,19,6.6,11,,False
1083,Quinoline,Quinoline,91-22-5,20.5,5.6,5.7,,False
1084,Saccharin,Saccharin,1981-07-02,21.1,12.5,9.8,,False
1085,Salicylaldehyde,Salicylaldehyde,1990-02-08,19,10.5,12,,True
1086,Salicylic Acid,Salicylic acid,69-72-7,19,9,13.7,,True
1087,Sebacic Acid,Sebacic acid,111-20-6,17.1,7.1,11.7,,True
1088,sec-Butyl Acetate,sec-Butyl acetate,105-46-4,15,3.7,7.6,,True
1089,Serotonin,Serotonin,50-67-9,18,8.2,14.4,,False
1090,Sinapyl Alcohol,Sinapyl alcohol,537-33-7,19.2,7.3,16.1,,True
1091,Skatole,Skatole,83-34-1,20,7.1,6.2,,False
1092,Spermidin,Spermidine,124-20-9,16.7,11.2,12,,False
1093,Stearic Acid,Stearic acid,1957-11-04,16.3,3.3,5.5,,True
1094,Styrene,Styrene,100-42-5,18.6,1,4.1,,False
1095,Styrene Oxide (Phenyl Oxirane),Styrene oxide,1996-09-03,19.4,5.8,6.6,,True
1096,Succinaldehyde (Butanedial),Succinaldehyde,638-37-9,16.8,9.8,10.5,,True
1097,Succinic Anhydride,Succinic anhydride,108-30-5,18.6,17.5,16,,True
1098,Succinonitrile,Succinonitrile,110-61-2,18.2,17,7.9,,False
1099,Sulfanilamide,Sulfanilamide,63-74-1,20,19.5,10.7,,False
1100,Sulfolane (Tetramethylene Sulfone),Sulfolane,126-33-0,17.8,17.4,8.7,,False
1101,Sulfur Dicyanide,Sulfur dicyanide,627-52-1,18.1,13.5,0,,False
1102,Sulfur Dioxide,Sulfur dioxide,7446-09-05,15.8,8.4,10,,False
1103,Sulfuryl Chloride,Sulfuryl chloride,7791-25-5,17.6,7.2,0,,False
1104,t-Butyl Acetate,t-Butyl acetate,540-88-5,15,3.7,6,,True
1105,t-Butyl Alcohol,t-Butyl alcohol,75-65-0,15.2,5.1,14.7,,True
1106,Terephthalic Acid,Terephthalic acid,100-21-0,20,7.4,12.8,,True
1107,Tetrabromobisphenol A,Tetrabromobisphenol A,79-94-7,20.2,9.1,13.8,,False
1108,Tetrachloroethylene,Tetrachloroethylene,127-18-4,18.3,5.7,0,,False
1109,Tetraethylorthosilicate,Tetraethyl orthosilicate,1978-10-04,13.9,4.3,0.6,,True
1110,Tetrahydrofuran (THF),Tetrahydrofuran (THF),109-99-9,16.8,5.7,8,,True
1111,Tetrahydrofurfuryl Alcohol,Tetrahydrofurfuryl alcohol,97-99-4,17.8,8.2,12.9,,True
1112,Tetrahydronaphthalene,Tetrahydronaphthalene,119-64-2,19.6,2,2.9,,False
1113,Tetrahydropyran,Tetrahydropyran,142-68-7,16.4,6.3,6,,True
1114,Tetrahydrothiapyran,Tetrahydrothiapyran,1613-51-0,18.5,6.3,8.9,,False
1115,Tetramethylene Sulfide,Tetramethylene sulfide,110-01-0,18.6,6.7,6,,False
1116,Tetramethylene Sulfoxide,Tetramethylene sulfoxide,1600-44-8,18.2,11,9.1,,False
1117,Tetramethylurea,Tetramethylurea,632-22-4,16.7,8.2,11,,False
1118,Tetranitromethane,Tetranitromethane,509-14-8,15.5,8.5,7,,False
1119,Thiazole,Thiazole,288-47-1,20.5,18.8,10.8,,False
1120,Thioacetamide,Thioacetamide,62-55-5,17.5,20.6,20.2,,False
1121,Thioacetic Acid,Thioacetic acid,0507-09-05,17,6.7,8.9,,False
1122,Thiocyanic Acid,Thiocyanic acid,463-56-9,16.8,8.9,10.9,,False
1123,Thiodiethylenglycol,Thiodiethylene glycol,111-48-8,17.3,8.8,19.8,,True
1124,Thioglycolic Acid (Mercapto Acetic Acid),Thioglycolic acid,1968-11-01,16,13.5,20,,False
1125,Thionyl Chloride,Thionyl chloride,7719-09-07,16.9,6.4,6.1,,False
1126,Thiophene,Thiophene,0110-02-01,18.9,2.4,7.8,,False
1127,Thiophenol,Thiophenol,108-98-5,20,4.5,10.3,,False
1128,Thiourea,Thiourea,62-56-6,20,19.4,14.8,,False
1129,Thiourea From Urea Min Sphere,Thiourea (from urea min sphere),62-56-6,18,15,12,,False
1130,Thymine,Thymine,65-71-4,19,20.5,13,,False
1131,Thymol,Thymol,89-83-8,19,4.5,10.8,,True
1132,Tigaldehyde,Tigaldehyde,497-03-0,16.2,12.9,6.8,,True
1133,Toluene,Toluene,108-88-3,18,1.4,2,,False
1134,Tolylene Diisocyanate,Tolylene diisocyanate,86-91-9,19.3,7.9,6.1,,False
1135,Trans-Cinnamaldehyde,trans-Cinnamaldehyde,14371-10-09,19.4,12.4,6.2,,True
1136,Trans-Crotononitrile,trans-Crotononitrile,627-26-9,16.4,18.8,5.5,,False
1137,Trans-Decahydronaphthalene,trans-Decahydronaphthalene,0493-02-07,18,0,0,,False
1138,Tri-n-Butyl Acetyl Citrate,Tri-n-butyl acetyl citrate,77-90-7,16.7,2.5,7.4,,True
1139,Tri-n-Butyl Borate,Tri-n-butyl borate,688-74-4,16.7,1.8,4.6,,True
1140,Tri-n-Butyl Citrate,Tri-n-butyl citrate,77-94-1,16.6,3.8,10.1,,True
1141,Tri-n-Butyl Phosphate,Tri-n-butyl phosphate,126-73-8,16.3,6.3,4.3,,True
1142,Trichloroacetic Acid,Trichloroacetic acid,1976-03-09,18.3,7,13,,False
1143,Trichloroacetonitrile,Trichloroacetonitrile,0545-06-02,16.4,7.4,6.1,,False
1144,Trichlorobiphenyl,Trichlorobiphenyl,55702-46-0,19.2,5.3,4.1,,False
1145,Trichloroethylene,Trichloroethylene,1979-01-06,18,3.1,5.3,,False
1146,Trichlorofluoromethane (Freon 11),Trichlorofluoromethane (Freon 11),75-69-4,15.3,2,0,,False
1147,Trichloromethylsilane,Trichloromethylsilane,75-79-6,16.5,6.6,3.5,,False
1148,Trichlorosilane,Trichlorosilane,10025-78-2,14.2,3.6,3.8,,False
1149,Triclosan,Triclosan,3380-34-5,20,7.7,10,,False
1150,Tricresyl Phosphate,Tricresyl phosphate,1330-78-5,19,12.3,4.5,,True
1151,Tricyclene,Tricyclene,508-32-7,16.9,0,0,,True
1152,Tridecyl Alcohol,Tridecyl alcohol,112-70-9,16.2,3.1,9,,True
1153,Triethanolamine,Triethanolamine,102-71-6,17.3,7.6,21,,True
1154,Triethyl Citrate,Triethyl citrate,77-93-0,16.5,4.9,12,,True
1155,Triethylamine,Triethylamine,121-44-8,15.5,0.4,1,,False
1156,Triethylene Glycol,Triethylene glycol,112-27-6,16,12.5,18.6,,True
1157,Triethylene Glycol Monomethyl Ether,Triethylene glycol monomethyl ether,112-35-6,16.2,7.6,12.5,,True
1158,Triethylene Glycol Monooleyl Ether,Triethylene glycol monooleyl ether,5274-66-8,16,3.1,8.4,,True
1159,Triethylphosphate,Triethyl phosphate,78-40-0,16.7,11.4,9.2,,True
1160,Trifluoroacetic Acid,Trifluoroacetic acid,1976-05-01,15.6,9.7,11.4,,False
1161,Trifluoromethane (Freon 23),Trifluoromethane (Freon 23),75-46-7,14.4,8.7,6.3,,False
1162,Triisononyl Trimellilate,Triisononyl trimellitate,53894-23-8,16.6,5.7,2.2,,True
1163,Triisooctyl Trimellitate,Triisooctyl trimellitate,27251-75-8,16.6,6,2.5,,True
1164,Trimethyl Amine,Trimethylamine,75-50-3,14.6,3.4,1.8,,False
1165,Trimethylbenzene,Trimethylbenzene,95-63-6,18,1,1,,False
1166,Trimethylene Sulfide,Trimethylene sulfide,287-27-4,18.8,7.8,9.4,,False
1167,Trimethylphosphate,Trimethyl phosphate,512-56-1,15.7,10.5,10.2,,False
1168,Trinitromethane,Trinitromethane,517-25-9,15.5,10.3,7.3,,False
1169,Trinitrotoluene (TNT) (DM),Trinitrotoluene (TNT),118-96-7,19.5,3.5,4.4,,False
1170,Trinitrotoluene (TNT) (G.C.),Trinitrotoluene (TNT) (G.C.),118-96-7,19.5,10,4.5,,False
1171,Trioctyl Phosphate,Trioctyl phosphate,1806-54-8,16.2,5.9,4.2,,True
1172,Triphenyl Phosphate,Triphenyl phosphate,115-86-6,20.1,6.4,6.8,,True
1173,Tripropylene Glycol Monomethyl Ether,Tripropylene glycol monomethyl ether,30373-82-1,15.3,5.5,10.4,,True
1174,Undecane,Undecane,1120-21-4,16,0,0,,False
1175,Urea For Ro Equal 19.4,Urea (for Ro=19.4),57-13-6,20.9,18.7,26.4,,False
1176,Urea Min Sphere,Urea (min sphere),57-13-6,17.6,17.3,16,,False
1177,Valeronitrile,Valeronitrile,110-59-8,15.3,11,4.8,,False
1178,Vanillin (4-Hydroxy-3-Methoxy Benzaldehy,Vanillin,121-33-5,19.4,9.8,11.2,,True
1179,Vinyl 2-Chloro Ethyl Ether,Vinyl 2-chloroethyl ether,110-75-8,16.3,6.7,5.8,,False
1180,Vinyl 2-Ethylhexyl Ether,Vinyl 2-ethylhexyl ether,103-44-6,15.6,3.4,4.2,,True
1181,Vinyl 2-Methoxy Ethyl Ether,Vinyl 2-methoxyethyl ether,1663-35-0,15.9,6.7,6.8,,True
1182,Vinyl Acetate,Vinyl acetate,0108-05-04,16,7.2,5.9,,True
1183,Vinyl Acetylene,Vinylacetylene,689-97-4,16,1.7,8,,False
1184,Vinyl Allyl Ether,Vinyl allyl ether,3917-15-5,14.9,6.5,5.3,,True
1185,Vinyl Amine,Vinylamine,593-67-9,15.7,7.2,11.8,,False
1186,Vinyl Butyl Carbitol,Vinyl butyl carbitol,,16,5,6,,True
1187,Vinyl Butyl Ether,Vinyl butyl ether,111-34-2,15.2,4.1,5.1,,True
1188,Vinyl Butyl Sulfide,Vinyl butyl sulfide,4789-70-2,16,5,5.4,,False
1189,Vinyl Butyrate,Vinyl butyrate,123-20-6,15.6,3.9,6.9,,True
1190,Vinyl Carbitol,Vinyl carbitol,929-37-3,16.3,7.5,13.8,,True
1191,Vinyl Chloride,Vinyl chloride,1975-01-04,16,6.5,2.4,,False
1192,Vinyl Crotonate,Vinyl crotonate,14861-06-04,15.9,5,9,,True
1193,Vinyl Ether,Vinyl ether,109-93-3,14.8,4.2,5.8,,True
1194,Vinyl Ethyl Carbitol,Vinyl ethyl carbitol,10143-53-0,15.9,6,6.6,,True
1195,Vinyl Ethyl Sulfide,Vinyl ethyl sulfide,627-50-9,16.4,5.8,6.3,,False
1196,Vinyl Formate,Vinyl formate,692-45-5,15.3,6.5,9.7,,True
1197,Vinyl Iodide (Iodoethene),Vinyl iodide,593-66-8,18,5.5,7.3,,False
1198,Vinyl Isobutyl Ether,Vinyl isobutyl ether,109-53-5,15.1,4.1,5.1,,True
1199,Vinyl Isopropyl Ether,Vinyl isopropyl ether,926-65-8,14.7,3.5,5.2,,True
1200,Vinyl Propionate,Vinyl propionate,105-38-4,15.6,8,4.7,,True
1201,Vinyl Propyl Ether,Vinyl propyl ether,764-47-6,14.9,3.5,5.2,,True
1202,Vinyl Pyrrolidone,Vinylpyrrolidone,88-12-0,16.4,9.3,5.9,,False
1203,Vinyl S-Butyl Mercapto Ethyl Ether,Vinyl s-butyl mercaptoethyl ether,,16.5,5,5.8,,False
1204,Vinyl S-Ethyl Mercapto Ethyl Ether,Vinyl s-ethyl mercaptoethyl ether,,16.4,7,6,,False
1205,Vinyl Silane,Vinylsilane,7291-09-0,15.5,2.6,4,,False
1206,Vinyl Trifluoro Acetate,Vinyl trifluoroacetate,433-28-3,13.9,4.3,7.6,,False
1207,Vinyl Trimethyl Silane,Vinyltrimethylsilane,0754-05-02,14.5,1,2.5,,False
1208,Vinyl-2-Ethyl Hexanoate,Vinyl-2-ethylhexanoate,1994-04-02,15.6,2.7,5.8,,True
1209,Vinylenecarbonate,Vinylene carbonate,872-36-6,17.3,18.1,9.6,,True
1210,Water,Water,7732-18-5,15.5,16,42.3,,True
1211,Water 1% Soluble In - Ro=18.1,"Water (1% soluble, Ro=18.1)",7732-18-5,15.1,20.4,16.5,,True
1212,Water Complete Misc. (R=13.0),"Water (complete misc., R=13.0)",7732-18-5,18.1,17.1,16.9,,True
1213,Xylene,Xylene,106-42-3,17.8,1,3.1,,False
1214,ß-Propiolactone,β-Propiolactone,57-57-8,17,18.2,9,,True
1215,α-Chloro Acetophenone,α-Chloroacetophenone,532-27-4,20,9.6,5.7,,False
1216,α-Chloro Methyl Acrylate,α-Chloromethyl acrylate,80-63-7,15.9,7.3,8.5,,True
1217,γ-Butyrolactone (GBL),γ-Butyrolactone (GBL),96-48-0,18,16.6,7.4,,True
1218,γ-Thiobutyrolactone,γ-Thiobutyrolactone,1003-10-07,19,6.9,6.2,,False
