#,Solvent,Structure,GHS,H,WGK,dD,dP,dH,Tv     (°C),Pv  (hPa),Density     (g/cm³),MWt (g/mol),MVol (cm³/mol),Cost      (€/mL),Cas,Smiles,HF,Comments,CHO
1,Methyl Acetate,,2        7,H225-H315-H319-H335,1,15.5,7.2,7.6,58,490.6,0.932,74.08,79.48,0.02,79-20-9,CC(OC)=O,0,,True
2,"2,3-Dihydrofuran",,2,H225,3,17.3,6,6.9,55,344,0.931,70.1,75.3,0.368,1191-99-7,O1CCC=C1,0,,True
3,Methyl-t-Butyl Ether, ,2         7,H225-H315,1,14.8,4.3,5,55,333.3,0.7353,88.15,119.88,0.02,1634-04-4,CC(C)(C)OC,0,,True
4,2-Pentyne,,2        7,H225-H315-H319-H335,3,15.5,4.6,4,56,316,0.689,68.1,98.84,3.335,627-21-4,CC#CCC,0,,True
5,Ethyl Methyl Sulfide,,2,H225,3,17.1,4.8,2.5,66,246.6,0.842,76.16,90.45,0.761,624-89-5,CSCC,0,,False
6,4-Methyl-2-Pentyne,,2,H225,3,15.2,3.7,3,73,188,0.701,82.1,117.12,11.637,21020-27-9,CC(C)C#CC,0,,True
7,Butyraldehyde,,2,H225,1,15.6,10.1,6.2,75,148,0.8,72.11,90.14,0.034,123-72-8,CCCC=O,0,,True
8,2-Methyl Tetrahydrofuran,,2,H225,2,16.9,5,4.3,80,129.3,0.855,86.13,100.74,0.111,96-47-9,CC1CCCO1,0,,True
9,2-Hexyne,,2,H225,3,15.6,3.9,3.4,86,104,0.708,82.1,115.96,2.577,764-35-2,CC#CCCC,0,,True
10,Isobutyl Mercaptan,,2        7,H225-H315-H319-H335,3,15.9,4.3,4.7,89,98.7,0.83,90.2,108.67,0.19,513-44-0,CC(CS)C,0,,False
11,Dihydropyran,,2        7,H226-H315-H319-H335,3,17.5,5.5,5.7,87,98.7,0.907,84.12,92.75,0.136,110-87-2,C1CCOC=C1,0,,True
12,Tetrahydropyran,,2      7,H225-H315-H319-H335,3,16.4,6.3,6,88,95.3,0.8,86.13,107.66,0.244,142-68-7,C1CCOCC1,0,,True
13,5-Methyl-1-Hexyne,,2,H225,3,15.4,2.7,2.6,93,90.7,0.731,96.2,131.6,4.942,2203-80-7,C#CCCC(C)C,0,,True
14,Allyl Methyl Sulfide,,2,H225,3,17,4.4,4.5,91,90.7,0.881,88.2,100.11,1.635,10152-76-8,CSCC=C,0,,False
15,Dimethyl Carbonate,,2,H225,1,15.5,8.6,9.7,90,74.7,1.06,90.08,84.98,0.049,616-38-6,O=C(OC)OC,0,,True
16,"1,3-Cyclohexadiene",,2,H225,3,17.1,3.6,5.2,81,74.7,0.843,80.1,95.02,6.137,592-57-4,C1=CCCC=C1,0,,True
17,n-Propyl Acetate,,2        7,H225-H315-H319-H335,1,15.3,4.3,7.6,102,46.7,0.888,102.13,115.01,0.026,109-60-4,CC(OCCC)=O,0,,True
18,Ethyl Methyl Carbonate,,2        7,H225-H315-H319-H335,3,15.7,7.8,6.2,110,36,1.018,104.1,102.26,2.48,623-53-0,O=C(OC)OCC,0,,True
19,2-Heptyne,,2        7,H225-H315-H319-H335,3,15.7,3.6,3.4,113,35.1,0.722,96.2,133.24,0.549,1119-65-9,CC#CCCCC,0,,True
20,Cycloheptene,,2,H225,1,16.9,2.6,3.9,115,30,0.828,96.2,116.18,9.671,628-92-2,C1CCC=CCC1,0,,True
21,Pyrimidine,,2,H226,1,20.5,9.4,11.3,124,22.4,1.1,80.09,72.81,13.2,289-95-2,C1=CC=NC=N1,0,,False
22,Laevo-Carvone,,-,-,1,17.5,5.8,3.7,230,20.7,0.96,150.2,156.46,0.218,6485-40-1,CC1=CCC(CC1=O)C(=C)C,0,,True
23,Dimethyl Sulfite,,2        7,H226-H315-H319-H335,,17.3,10.2,6.2,126,19.2,1.3,110.1,84.69,0.659,616-42-2,O(C)S(=O)OC,0,,False
24,2-Methoxy Tetrahydropyrane,,2,H226,2,17.2,6.6,6,129,17.2,0.963,116.16,120.62,6.895,6581-66-4,COC1OCCCC1,0,,True
25,Propylene Glycol Monomethyl Ether,,2             7,H226-H336,1,15.6,6.3,11.6,120,16.7,0.96,90.12,93.88,0.033,107-98-2,OC(C)COC,0,,True
26,Diethyl Carbonate,,2        7,H226-H315-H319-H335,1,15.1,6.3,3.5,128,15.3,0.975,118.13,121.16,0.043,105-58-8,O=C(OCC)OCC,0,,True
27,n-Butyl Acetate,,2             7,H226-H336,1,15.8,3.7,6.3,126,15.3,0.88,116.16,132,0.032,123-86-4,CC(OCCCC)=O,0,,True
28,Hexanal,,2      7,H226-H315-H319,1,15.8,8.4,5.3,131,15.1,0.83,100.16,120.67,0.138,66-25-1,CCCCCC=O,0,,True
29,"1-Propene, 3,3'-Thiobis-",,2        7,H226-H315-H319-H335,2,17,3.7,4,139,12.3,0.88,114.2,129.77,0.235,592-88-1,C=CCSCC=C,0,,False
30,2-Octyne,,2        7,H225-H315-H319-H335,3,15.8,3.4,3.4,138,12.3,0.74,110.2,148.92,0.77,2809-67-8,CC#CCCCCC,0,,True
31,"1,4-Thioxane",,2        7,H226-H315-H319-H335,2,19,6.6,7.7,148,7.6,1.1,104.17,94.7,2.851,15980-15-1,C1CSCCO1,0,,False
32,Isoamyl Acetate,,2,H226,1,15.3,3.1,7,142,7.5,0.87,130.19,149.64,0.051,123-92-2,CC(OCCC(C)C)=O,0,,True
33,1-Nonyne,,2        7,H226-H315-H319-H335,3,15.8,2.9,2.7,151,6.7,0.757,124.2,164.07,5.662,3452-09-3,C#CCCCCCCC,0,,True
34,2-Ethylpyridine,,2        7,H226-H315-H319-H335,1,18,5.8,5.1,150,6.7,0.926,107.2,115.77,0.319,100-71-0,CCC1=CC=CC=N1,0,,False
35,Propylcyclohexane,,2,H226,3,16.2,0,0,156,5.3,0.797,126.2,158.34,5.3,1678-92-8,CCCC1CCCCC1,0,,True
36,Furfuryl Mercaptan,,2,H226,3,18.3,7,7.2,155,5.3,1.12,114.2,101.96,0.26,98-02-2,C1=COC(=C1)CS,0,,False
37,Amyl Acetate,,2,H226,1,15.8,3.3,6.1,145,5.2,0.9,130.19,144.66,0.069,628-63-7,O=C(OCCCCC)C,0,,True
38,3-Hexanol,,2,H226,1,15.9,4.7,10.3,135,4.5,0.8,102.2,127.75,1.168,623-37-0,OC(CC)CCC,0,,True
39,2-Methyl-3-Tetrahydrofuran Thiol,,2        7,H226-H315-H319-H335,3,17.4,5.5,6,160,4,1.027,118.2,115.09,2.023,57124-87-5,CC1C(CCO1)S,0,,False
40,"2-Butanone, 3-Hydroxy-",,2      7,H226-H315-H319,1,17.2,10.6,14.6,148,3.6,1,88.1,88.1,0.118,513-86-0,CC(C(O)C)=O,0,,True
41,2-Hexanol,,7,H226-H315-H319-H335,1,16,4.7,10.8,139,3.5,0.8,102.2,127.75,1.168,626-93-7,CC(O)CCCC,0,,True
42,3-Ethylpyridine,,2        7,H226-H315-H319-H335,3,18,5.8,5.1,165,3.2,0.926,107.2,115.77,0.728,536-78-7,CCC1=CN=CC=C1,0,,False
43,α-Angelica Lactone,,-,-,2,17.6,12.1,7.6,188,2.9,1.07,98.1,91.68,1.541,591-12-8,CC1=CCC(=O)O1,0,,True
44,2-Ethoxythiazole,,2        7,H226-H315-H319-H335,3,18.6,7.3,7.9,160,2.9,1.151,129.2,112.25,2.613,15679-19-3,CCOC1=NC=CS1,0,,False
45,Benzyl Methyl Ether,,2,H226,3,17.7,4.1,4.6,175,2.7,0.95,122.2,128.63,1.319,538-86-3,COCC1=CC=CC=C1,0,,True
46,o-Methylanisole,,2,H226,3,18.3,4.5,4.5,173,2.7,0.955,122.2,127.96,0.387,578-58-5,COC1=CC=CC=C1C,0,,True
47,"1,8-Cineole (Eucalyptol)",,2,H226,2,16.7,4.6,3.4,178,2.5,0.92,154.25,167.66,0.192,470-82-6,CC1(C2CCC(O1)(CC2)C)C,0,,True
48,Ethylene Glycol Sulfite,,-,-,3,20,15.9,5.1,170,2.5,1.6,108.12,67.58,1.44,3741-38-6,C1COS(=O)O1,0,,False
49,3-Methyl Cyclohexanone,,2,H226,3,17.7,7.7,4.7,170,2.5,0.914,112.17,122.72,0.378,591-24-2,O=C1CC(C)CCC1,0,,True
50,"1,2,3-Trimethylbenzene",,7,H226-H315-H319-H335,3,17.7,2.6,3.1,176,2.3,0.89,120.2,135.06,2.22,526-73-8,CC(C(C)=CC=C1)=C1C,0,,True
51,β-Ocimene,,2,H226,3,16.4,1.5,2.5,175,2.1,0.8,136.2,170.25,0.528,13877-91-3,CC(=CCC=C(C)C=C)C,0,,True
52,Furfuryl Methyl Sulfide,,7,H315-H319-H335,3,18.4,5.7,5.5,175,2,1.082,128.2,118.48,0.601,1438-91-1,CSCC1=CC=CO1,0,,False
53,4-Tert-Butylpyridine,,7,H315-H319-H335,3,17,4.1,3.4,197,2,0.896,135.2,150.89,2.67,3978-81-2,CC(C)(C)C1=CC=NC=C1,0,,False
54,p-Cymene,,7,H226-H315-H319-H335,2,17.3,2.4,2.4,177,2,0.85,134.2,157.88,0.035,99-87-6,CC(C1=CC=C(C)C=C1)C,0,,True
55,n-Butyl Cyclohexane,,2,H226,3,16.2,0,0.6,180,1.9,0.799,140.27,175.56,1.459,1678-93-9,CCCCC1CCCCC1,0,,True
56,Methyl Heptenone,,2,H226,1,16.1,4.9,3.7,173,1.7,0.85,126.2,148.47,0.116,110-93-0,CC(=CCCC(=O)C)C,0,,True
57,m-Diethylbenzene,,7,H226-H315-H319-H335,2,17.4,2.3,2.1,182,1.6,0.86,134.2,156.05,15,141-93-5,CCC1=CC=CC(CC)=C1,0,,True
58,1-Octanal,,2      7,H226-H315,2,16,6.3,4.4,171,1.6,0.82,128.2,156.34,0.09,124-13-0,CCCCCCCC=O,0,,True
59,2-Furfuryl Acetate,,,H227-H315-H319-H335,3,17.5,6.5,7.5,175,1.5,1.1175,140.1,125.37,1.001,623-17-6,O1C=CC=C1COC(C)=O,0,,True
60,Cyclohexyl Carbinol C6h11-Ch2oh,,,H227,1,17.2,4.8,10.7,180,1.3,0.933,114.2,122.4,0.924,100-49-2,OCC1CCCCC1,0,,True
61,(Z)-3-Hexen-1-ol,,2,H226,1,16.5,5.7,11.7,156,1.3,0.8,100.2,125.25,0.09,928-96-1,CC\C=C/CCO,0,,True
62,Crotonlactone,,7,H315-H319-H335,3,19,19.8,9.6,212,1.3,1.185,84.07,70.95,32.801,497-23-4,O=C1OCC=C1,0,,True
63,3-(Methylthio)Propanoic Acid Methyl Ester,,2        7,H226-H315-H319-H335,3,17.4,6.2,7,210,1.1,1.05,134.2,127.81,0.168,13532-18-8,COC(CCSC)=O,0,,False
64,Ethyl Aceto Acetate (Keto),,7,H319,1,16.5,7.3,8.3,181,1,1.03,130.14,126.35,0.041,141-97-9,CC(CC(OCC)=O)=O,0,,True
65,2-Pentyl Pyridine,,7,H315-H319-H335,3,17.7,4.5,4,204,0.9,0.9,149.2,165.78,4.05,2294-76-0,CCCCCC1=CC=CC=N1,0,,False
66,1-Phenyl-3-Methylbutane,,-,-,3,16.9,1.6,2.4,193,0.9,0.9,148.2,164.67,0.522,2049-94-7,CC(C)CCC1=CC=CC=C1,0,,True
67,"2,6-Dimethylthiophenol",,7,H315-H319-H335,,19.5,3.1,4.5,223,0.8,1.03,138.2,134.17,5.871,118-72-9,S-c(c(cc1)C)c(c1)C,0,,False
68,p-Methoxystyrene,,,,3,18.2,4.6,4.8,205,0.8,0.97,134.2,138.35,5.995,637-69-4,C=CC1=CC=C(OC)C=C1,0,,True
69,"2,6-Dimethyl-5-Heptenal",,7,H315-H319-H335,2,16.3,5.3,4.3,198,0.8,0.86,140.2,163.02,0.329,106-72-9,CC(CCC=C(C)C)C=O,0,,True
70,Hexyl Propanoate,,,,2,15.9,3.8,4.8,180,0.8,0.87,158.2,181.84,0.075,2445-76-3,O=C(OCCCCCC)CC,0,,True
71,Myrtenyl Acetate,,,,2,16.9,2.8,4.2,240,0.7,1.013,194.3,191.81,0.425,1079-01-2,CC(=O)OCC1=CCC2CC1C2(C)C,0,,True
72,"2',4'-Dimethyl Acetophenone",,7,H315-H319-H335,2,18.4,6,3.5,228,0.7,0.98,148.2,151.22,1.36,89-74-7,CC1=CC(=C(C=C1)C(=O)C)C,0,,True
73,Myrtenol,,,,3,17,3.8,8.9,222,0.7,1.01,152.2,150.69,0.444,515-00-4,CC1(C2CC=C(C1C2)CO)C,0,,True
74,Myrtenal,,,,3,17,5,4.1,220,0.7,1.006,150.2,149.3,0.704,564-94-3,CC1(C2CC=C(C1C2)C=O)C,0,,True
75,Propiophenone,,7,H315-H319-H335,2,18.2,6.3,3.8,218,0.7,0.993,134.2,135.15,0.072,93-55-0,O=C(C1=CC=CC=C1)CC,0,,True
76,Pinocarveol,,,,3,16.9,3.3,8.3,210,0.7,0.974,152.2,156.26,83.4,5947-36-4,CC1(C2CC1C(=C)C(C2)O)C,0,,True
77,γ-Valerolactone,,7,H319,2,16.9,11.5,6.3,208,0.7,1.05,100.1,95.33,0.147,108-29-2,CC(CC1)OC1=O,0,,True
78,(1-Thiapropyl)-Benzene,,7,H315-H319-H335,3,19.2,4.2,3.3,205,0.7,1.05,138.2,131.62,4.127,622-38-8,C1=CC=CC=C1SCC,0,,False
79,3-Butyl Pyridine,,7,H315-H319-H335,3,17.7,4.8,4.2,200,0.7,0.9,135.2,150.22,23.985,539-32-2,CCCCC1=CN=CC=C1,0,,False
80,Laevo-Fenchone,,2,H226,,17.3,5.4,2.2,194,0.7,1,152.2,152.2,0.105,7787-20-4,CC1([C@H]2CC[C@](C2)(C1=O)C)C,0,,True
81,n-Heptyl Acetate,,,,2,15.8,2.9,5.5,192,0.7,0.867,158.24,182.51,0.052,112-06-1,CC(OCCCCCCC)=O,0,,True
82,Propylene Carbonate,,7,H319,1,20,18,4.1,240,0.5,1.2,102.09,85.08,0.034,108-32-7,O=C1OC(C)CO1,0,,True
83,Furfuryl Propionate,,,,3,17.3,6.1,6.9,195,0.5,1.074,154.2,143.58,0.204,623-19-8,CCC(=O)OCC1=CC=CO1,0,,True
84,1-Nonanal,,7,H315-H319-H335,2,15.9,5.5,4.1,191,0.5,0.82,142.2,173.41,0.328,124-19-6,CCCCCCCCC=O,0,,True
85,Butyl Lactate,,7,H315-H319-H335,1,15.8,6.5,10.2,185,0.5,0.97,146.19,150.71,0.142,138-22-7,O=C(C(O)C)OCCCC,0,,True
86,Ethyl Methyl Mercaptopropionate,,,,3,17.1,5.7,6.3,197,0.5,1.02,148.2,145.29,0.18,13327-56-5,CCOC(=O)CCSC,0,,False
87,Menthofuran,,,,2,17.2,4.6,5.6,210,0.4,0.965,150.22,155.67,0.612,494-90-6,CC1=COC2=C1CCC(C)C2,0,,True
88,Nutty Pyrazine,,7,H315-H319-H335,3,18.6,6.2,5.1,201,0.4,1.056,134.2,127.08,1.468,23747-48-0,CC1CCC2=NC=CN=C12,0,,False
89,Tropical Oxathiane,,2,H226,3,17,4.2,3.9,220,0.3,0.975,160.3,164.41,1.248,67715-80-4,CCCC1CCOC(S1)C,0,,False
90,2-Ethyl Hexyl Acetate,,7,H319,1,15.8,2.9,5.1,200,0.3,0.87,172.27,198.01,0.04,103-09-3,O=C(OCC(CC)CCCC)C,0,,True
91,2-Acetyl-1-Methyl Pyrrole,,,,3,18.4,8.2,4.9,202,0.3,0.985,123.2,125.08,0.813,932-16-1,CC(=O)C1=CC=CN1C,0,,False
92,γ-Hexalactone,,7,H319,2,16.7,12.7,5.7,219,0.3,1,114.1,114.1,0.22,695-06-7,CCC1CCC(=O)O1,0,,True
93,m-Dimethoxybenzene,,7,H315-H319-H335,2,18.6,6,5.6,218,0.3,1.045,138.2,132.25,0.089,151-10-0,COC1=CC(OC)=CC=C1,0,,True
94,(Z)-6-Nonen-1-Al,,7,H315-H319-H335,2,16.3,5.7,4.5,214,0.3,0.85,140.2,164.94,1.811,2277-19-2,CC\C=C/CCCCC=O,0,,True
95,Nonyl Acetate,,-,-,2,16,3.2,4.3,212,0.3,0.88,186.3,211.7,0.09,143-13-5,CCCCCCCCCOC(=O)C,0,,True
96,Furfuryl Butyrate,,,,3,17.1,5.4,6.2,210,0.3,1.047,168.2,160.65,0.543,623-21-2,CCCC(=O)OCC1=CC=CO1,0,,True
97,Citronellal,,7,H315-H319-H335,2,16.5,4.5,3.9,206,0.3,0.857,154.2,179.93,0.157,106-23-0,CC(CCC=C(C)C)CC=O,0,,True
98,Tetrahydro-2H-Pyran-2-Ylmethanol,,7,H315-H319,2,17.2,6.5,12.1,189,0.3,1,116.2,116.2,0.58,100-72-1,OCC1OCCCC1,0,,True
99,Linalool,,7,H315-H319,1,16.7,2.8,6.4,200,0.2,0.85,154.2,181.41,0.164,78-70-6,CC(=CCCC(C)(C=C)O)C,0,,True
100,Linalyl Formate,,,,2,16.2,2.9,4.1,202,0.2,0.91,182.3,200.33,0.177,115-99-1,CC(=CCCC(C)(C=C)OC=O)C,0,,True
101,3-Decen-2-One,,7,H319,3,16.5,4.6,3.8,214,0.2,0.84,154.2,183.57,0.336,10519-33-2,CCCCCCC=CC(=O)C,0,,True
102,Diethylene Glycol Monoethyl Ether,,-,-,1,16.1,9.2,12.2,202,0.2,0.98,134.18,136.92,0.028,111-90-0,CCOCCOCCO,0,,True
103,Linalyl Acetate,,7,H315-H319-H335,1,16.3,2,3.5,220,0.1,0.9,196.3,218.11,0.07,115-95-7,O=C(C)OC(C=C)(C)CC/C=C(C)\C,0,,True
104,β-Ionone    ,,7,H315,,17,3.6,3.5,254,0.1,0.95,192.3,202.42,0.219,79-77-6,O=C(C)/C=C/C1=C(C)CCCC1(C)C,0,,True
105,Para-Ethyl Acetophenone,,7,H315-H319-H335,3,18.3,6.3,3.6,239,0.1,0.98,148.2,151.22,0.94,937-30-4,CCC1=CC=C(C=C1)C(=O)C,0,,True
106,Meta-Anisaldehyde,,7,H315-H319,1,19.1,8.8,6.1,233,0.1,1.1,136.1,123.73,0.418,591-31-1,COC1=CC=CC(=C1)C=O,0,,True
107,Delta-Hexalactone,,-,-,2,16.8,10.7,5.5,231,0.1,1,114.1,114.1,0.685,823-22-3,CC1CCCC(=O)O1,0,,True
108,Bornyl Acetate,,-,-,1,16.7,2.7,3,230,0.1,0.98,196.3,200.31,0.259,5655-61-8,CC(=O)O[C@@H]1C[C@@H]2CC[C@]1(C2(C)C)C,0,,True
109,Furfuryl Valerate,,,,3,17.1,5.1,6,230,0.1,1.024,182.2,177.93,0.297,36701-01-6,CCCCC(=O)OCC1=CC=CO1,0,,True
110,Methyl Furfuryl Disulfide,,7,H315-H319-H335,3,18.3,7.4,5.5,230,0.1,1.181,160.3,135.73,0.765,57500-00-2,CSSCC1=CC=CO1,0,,False
111,Methyl Phenyl Acetate,,7,,2,17.9,4.5,6.1,218,0.1,1.066,150.2,140.9,0.061,101-41-7,COC(=O)CC1=CC=CC=C1,0,,True
112,Decanal,,7,H315,2,16,5.1,4,208,0.1,0.83,156.3,188.31,1.054,112-31-2,CCCCCCCCCC=O,0,,True
113,(E)-Citral,,7,H315-H317-H319,1,16.8,5.2,4.3,229,0.1,0.9,152.2,169.11,0.104,141-27-5,CC(=CCC/C(=C/C=O)/C)C,0,,True
114,1-Octanol,,7,H319,1,16,5,11.2,195,0.1,0.83,130.23,156.9,0.035,111-87-5,CCCCCCCCO,0,,True
115,Ethylene Glycol Diacetate,,7,H315-H319-H335,1,16.2,4.7,9.8,186,0.1,1.1,146.14,132.85,0.062,111-55-7,CC(OCCOC(C)=O)=O,0,,True
116,γ-Heptalactone,,7,H315,2,16.6,11.5,5,223,0.1,0.96,128.2,133.54,0.154,105-21-5,CCCC1CCC(=O)O1,0,,True
117,"1,3-Butanediol",,,,3,16.5,8.1,20.9,204,0.1,1,90.12,90.12,0.031,107-88-0,CC(O)CCO,0,,True
118,2-Ethyl Fenchol,,,,3,17,3.4,5.4,224,0.1,0.96,182.3,189.9,0.384,18368-91-7,CCC1(C(C2CCC1(C2)C)(C)C)O,0,,True
119,(Z)-Verbenol,,7,H315-H319-H335,3,17,3.1,8.5,215,0.1,1,152.2,152.2,15.72,1845-30-3,CC1=C[C@H]([C@@H]2C[C@H]1C2(C)C)O,0,,True
120,Geraniol,,7,H315-H319-H335,1,16.8,4,8.3,230,0,0.89,154.2,173.26,0.242,106-24-1,C/C(C)=C\CC/C(C)=C/CO,0,,True
121,"Cis-3,7-Dimethyl-2,6-Octadien-1-ol",,7,H315-H317-H319,2,16.8,4,8.3,230,0,0.89,154.2,173.26,0.101,106-25-2,C\C(CC\C=C(C)\C)=C/CO,0,,True
122,Octalactone,,-,-,1,16.5,12.3,5.1,235,0,1,142.2,142.2,0.106,104-50-7,CCCCC1CCC(=O)O1,0,,True
123,Diethylene Glycol Monobutyl Ether,,7,H319,1,16,7,10.6,230,0,0.95,162.23,170.77,0.024,112-34-5,CCCCOCCOCCO,0,,True
124,Farnesene,,-,-,3,16.7,0.8,2,260,0,0.84,204.3,243.21,0.239,502-61-4,CC(=CCC/C(=C/C\C=C(/C)\C=C)/C)C,0,,True
125,Nerolidol,,7,H315-H319-H335,1,16.9,1.9,5,266,0,0.9,222.4,247.11,0.095,7212-44-4,CC(=CCCC(=CCCC(C)(C=C)O)C)C,0,,True
126,Neryl Acetate,,-,-,,16.7,3,4.5,247,0,0.9,196.3,218.11,0.146,141-12-8,CC(=CCC/C(=C/COC(=O)C)/C)C,0,,True
127,γ-Nonalactone,,-,-,1,16.5,10.3,4.8,243,0,0.96,156.2,162.71,0.074,104-61-0,CCCCCC1CCC(=O)O1,0,,True
128,4-Phenyl-2-Butanol,,,,3,17.8,4.4,9.6,239,0,0.97,150.2,154.85,2.999,2344-70-9,CC(CCC1=CC=CC=C1)O,0,,True
129,Linalyl Propionate,,7,H315-H319-H335,,16.3,1.9,3.2,226,0,0.9,210.3,233.67,0.1,144-39-8,CCC(=O)OC(C)(CCC=C(C)C)C=C,0,,True
130,α-Terpinyl Acetate,,7,H315-H319,2,16.6,2.9,3.6,220,0,0.94,196.3,208.83,0.118,8007-35-0,CC1=CCC(CC1)C(C)(C)OC(=O)C,0,,True
131,Terpineol,,7,H315-H319,2,17.1,3.6,7.6,218,0,0.93,154.2,165.81,0.073,10482-56-1,CC1=CCC(CC1)C(C)(C)O,0,,True
132,Glycerol Triacetate,,-,-,1,16.5,4.5,9.1,259,0,1.15,218.21,189.75,0.041,102-76-1,CC(OCC(OC(C)=O)COC(C)=O)=O,0,,True
133,Propylene Glycol Monophenyl Ether,,7,H319,1,17.4,5.3,11.5,242,0,1.06,152.19,143.58,0.045,770-35-4,CC(COC1=CC=CC=C1)O,0,,True
134,Triethylene Glycol,,7,H335,1,16,12.5,18.6,285,0,1.12,150.17,134.08,0.034,112-27-6,OCCOCCOCCO,0,,True
135,Caryophyllene,,7,H315-H319-H335,3,16.8,0.7,2.2,276,0,0.8,204.3,255.38,21.4,87-44-5,CC1=CCCC(=C)[C@H]2CC([C@@H]2CC1)(C)C,0,,True
136,Caprolactone (Epsilon),,7,H319,1,18,15,7.4,235,1.3,1.08,114.14,105.69,0.084,502-44-3,O=C1OCCCCC1,0,,True
137,Dimethyl Sulfoxide (DMSO),,-,-,1,18.4,16.4,10.2,189,2.5,1.1,78.14,71.04,0.046,67-68-5,O=S(C)C,0,,False
138,Anisole,,2,H226,2,17.8,4.4,6.9,154,3.4,0.99,108.14,109.23,0.05,100-66-3,COC1=CC=CC=C1,0,,True
139,Water,,-,-,-,15.5,16,42.3,100,23,1,18.02,18.02,0.001,7732-18-5,[H]O[H],0,,True
140,2-Propanol,,2          7,H225-H319-H336,1,15.8,6.1,16.4,82.4,43,0.786,60.1,76.46,0.024,67-63-0,OC(C)C,0,,True
141,"1,3-Dioxolane",,2             7,H225-H319,1,18.1,6.6,9.3,81,57.3,0.99,74.08,74.83,0.096,646-06-0,C1OCCO1,0,,True
142,Ethanol,,2,H225,1,15.8,8.8,19.4,78.3,59,0.79,46.07,58.32,0.139,64-17-5,CCO,0,,True
143,Ethyl Acetate,,2             7,H225-H319-H336,1,15.8,5.3,7.2,77,97,0.9,88.11,97.9,0.039,141-78-6,CC(OCC)=O,0,,True
144,Acetone,,2             7,H225-H319-H336,1,15.5,10.4,7,56.2,233,0.79,58.08,73.52,0.035,67-64-1,CC(C)=O,0,,True
145,Cyclobutanone,,2,H226,3,18.3,11.4,5.2,96,58.5,0.938,70.09,74.72,25.776,1191-95-3,O=C1CCC1,0,,True
146,Cyclobutanol,,2,H226,,17.5,7,14.6,124,8.1,0.944,72.1,76.38,52.184,2919-23-5,OC1CCC1,0,,True
147,"Propanedioic Acid, Dimethyl Ester",,7,H315-H319-H335,1,16.81,7.27,9.51,181,0.2,1.156,132.1,114.27,0.077,108-59-8,O=C(OC)CC(OC)=O,0,,True
148,2-Acetyl Pyridine,,2      7,H226-H315-H319-H335,1,19.17,10.12,6.26,188,0.2,1.08,121.1,112.13,0.279,1122-62-9,CC(=O)C1=CC=CC=N1,0,stinky,False
149,Cyclopentanone,,2      7,H226-H315-H319,1,17.9,11.9,5.2,131,11.4,0.95,84.12,88.55,0.076,120-92-3,O=C1CCCC1,0,peppermint,True
150,Ethylcyclopentane,,2,H226,3,16.07,0.1,0.1,103,50.7,0.78,98.2,125.9,37.284,1640-89-7,CCC1CCCC1,0,,True
151,"1,1-Dimethylcyclohexane",,2,H226,3,15.99,0.1,0.1,120,24.3,0.8,112.2,140.25,43.6,590-66-9,CC1(C)CCCCC1,0,,True
152,2-Formyl Pyrrole,,7,H315-H319-H335,3,19.81,14.07,11.44,219,0.1,1.13,95.1,84.16,3.356,1003-29-8,C1=CNC(=C1)C=O,0,melt at 45 °C,False
153,"2,4-Dimethylpyrrole",,7,H315-H319-H335,3,18.23,6.52,7.56,167,2.5,0.924,95.1,102.92,19.958,625-82-1,CC1=CNC(C)=C1,0,,False
154,3-Methylcyclopentanone,,2,H226,1,17.62,8.61,4.68,145,7.7,0.913,98.1,107.45,13.914,1757-42-2,O=C1CC(C)CC1,0,,True
155,3-Methyl-2-Cyclopenten-1-One,,2      7,H226-H315-H319-H335,3,18.27,8.11,6.05,186,0.3,0.98,96.1,98.06,4.253,2758-18-1,CC1=CC(=O)CC1,0,,True
156,Thymyl Methyl Ether,,2      7,H226-H315-H319-H335,3,17.47,3.65,3.73,216,0.1,0.94,164.2,174.68,0.85,1076-56-8,CC1=CC(=C(C=C1)C(C)C)OC,0,,True
157,4-Ethyl Anisole,,2,H226,3,18,4.75,4.81,195,0.8,0.95,136.2,143.37,2.489,1515-95-3,CCC1=CC=C(C=C1)OC,0,,True
158,Furfural Diethyl Acetal,,7,H315-H319-H335,3,16.47,5.7,4.93,191,0.9,0.996,170.2,170.88,10.956,13529-27-6,CCOC(C1=CC=CO1)OCC,0,,True
159,Cyclohexyl Formate,,2,H226,,17,5.15,6.04,163,2.4,0.99,128.2,129.49,3.218,4351-54-6,O=COC1CCCCC1,0,,True
160,Tetrahydrothiapyran,,2,H226,,18.5,6.3,8.9,142,9.6,0.98,102.2,104.29,12.466,1613-51-0,C1CCSCC1,0,stinky,False
161,Tetramethylene Sulfoxide,,7,H315-H319-H335,3,18.2,11,9.1,237,0,1.17,104.17,89.03,2.878,1600-44-8,C1CCS(=O)C1,0,propably stinky,False
162,Diethyl Sulfide,,2      7,"H226-H315-H319
",3,16.8,3.1,2,92,80,0.83,90.19,108.66,1.21,352-93-2,CCSCC,0,stinky,False
163,Diethyl Sulfite,,2      7,H226-H315-H319-H335,3,16.82,7.99,4.27,160,4.9,1.07,138.2,129.16,2.846,623-81-4,CCOS(OCC)=O,0,,False
164,4-Methylpyrimidine,,2,H226,3,18.5,9.42,6.57,142,7.1,1.01,94.11,93.18,7.494,3438-46-8,CC1=NC=NC=C1,0,,False
165,5-Methyl Thiazole,,2      7,H226-H315-H319-H335,3,18.56,6.86,7.55,142,6,1.12,99.15,88.53,27.731,3581-89-3,CC1=CN=CS1,0,,False
166,Pineapple Pentenoate,,2,H226,3,15.92,3.71,4.92,155,4.3,0.873,142.2,162.89,1.083,53399-81-8,CCOC(=O)C(C)CC=C,0,,True
167,Methyl Levulinate,,2      7,H226-H315-H319-H335,3,16.81,8.36,7.45,195,0.5,1.051,130.1,123.79,0.573,624-45-3,CC(=O)CCC(=O)OC,0,,True
168,Isovaleraldehyde Propylene Glycol Acetal,,2,H226,3,15.87,4.09,3.79,153,4.7,0.895,144.2,161.12,0.778,18433-93-7,CC1COC(O1)CC(C)C,0,,True
169,1-Hepten-3-ol,,2      7,H226-H315-H319-H335,3,16.13,4.42,10.01,156,1.6,0.836,114.2,136.6,2.09,4938-52-7,CCCCC(C=C)O,0,,True
170,Methyl 2-(Methyl Thio) Acetate,,2,H226,3,17.59,6.88,7.65,157.4,3.7,1.11,120.2,108.29,3.3,16630-66-3,COC(=O)CSC,0,stinky,False
171,4-Methyl 4-Mercaptopentan-2-One 1% In Pg,,2      7,H226-H315-H319-H335,3,16.63,7.16,5.34,174,1.1,0.961,132.2,137.57,13.185,19872-52-7,CC(=O)CC(C)(C)S,0,,False
172,3-Decanone,,2      7,H226-H315-H319-H335,3,16.01,4.84,3.18,205,0.3,0.825,156.3,189.45,1.802,928-80-3,CCCCCCCC(=O)CC,0,,True
173,Hexenyl Isobutyrate,,7,H315,2,16.19,3.44,4.17,217,0.3,0.878,170.2,193.85,0.14,41519-23-7,CC\C=C/CCOC(=O)C(C)C,0,,True
174,1-Penten-3-ol,,2,H226,3,16.01,5.62,11.76,115,14.9,0.838,86.1,102.74,0.545,616-25-1,CCC(C=C)O,0,,True
175,(Z)-4-Hepten-1-ol,,2,H226,3,16.53,5.47,10.19,176,0.5,0.85,114.2,134.35,16.728,6191-71-5,CC\C=C/CCCO,0,,True
176,Ethyl Tiglate.,,2,H226,2,16.34,4.42,5.69,156,5.7,0.923,128.2,138.89,0.298,5837-78-5,C(/C)=C(/C)C(OCC)=O,0,,True
177,Leaf Acetal,,2,H226,2,15.96,4.12,3.74,183,0.7,0.85,172.3,202.71,3.324,28069-74-1,CC\C=C\CCOC(C)OCC,0,,True
178,5-Methyl-2-Hepten-4-One,,2,H226,3,16.34,4.64,3.33,170,1.6,0.845,126.2,149.35,1.859,81925-81-7,CCC(C)C(=O)C=CC,0,,True
179,Isopropyl 2-Methyl Butyrate,,2      7,H226-H315-H319-H335,3,15.48,3.16,3.99,150,6.8,0.851,144.2,169.45,0.091,66576-71-4,CCC(C)C(=O)OC(C)C,0,,True
180,"2-Ethyl-4,5-Dimethyl Oxazole",,2,H226,3,16.49,5.83,4.19,140,9.3,1,125.2,125.2,15.3,53833-30-0,CCC1=NC(=C(O1)C)C,0,,False
181,"2-Methyl-1,3-Dioxolane",,2      7,H226-H319,2,17.3,4.8,5.8,83,116.8,0.982,88.11,89.73,1.85,497-26-7,CC1OCCO1,0,,True
182,Vanilla Carboxylate,,2,H226,2,16.95,3.92,5.38,183,1.1,0.995,142.2,142.91,4.448,4630-82-4,COC(=O)C1CCCCC1,0,,True
183,Di-Isobutyl Ketone,,2      7,H226-H315-H319-H335,1,16,3.7,4.1,173,2,0.989,142.24,143.82,1.681,108-83-8,CC(C)CC(CC(C)C)=O,0,,True
184,"3-Acetyl-2,5-Dimethyl Thiophene",,7,H315-H319-H335,3,18.39,6.44,5.66,224,0.1,1.086,154.23,142.02,4.822,2530-10-1,CC1=CC(=C(S1)C)C(=O)C,0,,False
185,Acetoin Acetate,,2      7,H226-H315-H319-H335,3,16.7,7.73,7.08,155,2.8,1.025,130.1,126.93,0.936,4906-24-5,CC(C(=O)C)OC(=O)C,0,,True
186,Isoamyl Isobutyrate,,2,H226,3,15.49,3.21,3.94,162,2.5,0.857,158.2,184.6,0.098,2050-01-3,CC(C)CCOC(=O)C(C)C,0,,True
187,Hexyl Isovalerate,,7,H315-H319-H335,2,15.81,3,3.93,215,0.3,0.857,186.3,217.39,0.106,10032-13-0,O=C(OCCCCCC)CC(C)C,0,,True
188,Grape Butyrate,,2,H226,3,16.64,7.08,12.04,171,0.5,1.013,132.2,130.5,0.601,5405-41-4,CCOC(=O)CC(C)O,0,,True
189,Isodihydrolavandulal,,2      7,H226-H315-H319-H335,2,15.93,4.69,2.68,189,0.3,0.845,154.2,182.49,0.342,35158-25-9,CC(C)CC=C(C=O)C(C)C,0,,True
190,Isobutyl Isopentanoate,,2,H226,2,15.44,3.1,3.85,170,1.9,0.851,158.2,185.9,0.432,589-59-3,CC(C)CC(OCC(C)C)=O,0,,True
191,Methyl Heptadienone,,7,H315-H319-H335,3,17.07,5.34,4.39,221,0.3,0.89,124.2,139.55,3.549,1604-28-0,CC(=C\C=C\C(=O)C)C,0,,True
192,(Z)-3-Hexen-1-Yl Formate,,2      7,H226-H315-H319-H335,2,16.38,5.56,6.17,155,3.5,0.898,128.2,142.76,0.291,33467-73-1,CC\C=C/CCOC=O,0,,True
193,Furfuryl Thiopropionate,,7,H315-H319-H335,3,18.44,5.86,5.25,221,0.1,1.11,170.2,153.33,0.833,59020-85-8,CCC(=O)SCC1=CC=CO1,0,,False
194,Ethyl 3-Hexenoate,,2,H226,3,16.3,4.27,5.39,200,0.3,0.89,142.2,159.78,0.338,2396-83-0,CCC=CCC(=O)OCC,0,,True
195,Acetoin Butyrate,,2      7,H226-H315-H319-H335,3,16.46,7.05,5.72,216,0.3,0.982,158.2,161.1,0.482,84642-61-5,CCCC(=O)OC(C)C(=O)C,0,,True
196,3-(5-Methyl-2-Furyl) Butanal,,2,H226,3,16.96,6.81,4.99,230,0.1,1.006,152.2,151.29,2.676,31704-80-0,CCC(C=O)C1=CC=C(O1)C,0,,True
197,"1,2-Cyclohexanedione",,7,H315-H319-H335,3,18.6,10.3,8,195,0.7,1.12,112.13,100.12,6.496,765-87-7,C1CCC(=O)C(=O)C1,0,melts at 35 °C,True
198,3-Hexanone,,2      7,H226-H315-H319-H335,3,15.74,6.68,4.08,121,16.1,0.817,100.2,122.64,1.154,589-38-8,CCC(CCC)=O,0,,True
199,W321818 Trans-2-Pentenal,,2      7,H226-H315-H319-H335,3,16.51,8.06,6.15,125,15.3,0.86,84.1,97.79,4.678,1576-87-0,O=C/C=C/CC,0,,True
200,o-Xylene,,2      7        8,H226-H312+H332-H315,2,17.8,1,3.1,144,7,0.88,106.17,120.65,0.054,95-47-6,CC1=C(C)C=CC=C1,1,,True
201,Benzaldehyde,,7      8,H227-H302+H332-H319-H335,1            2,19.4,7.4,5.3,179,1.3,1.05,106.12,101.07,0.034,100-52-7,O=C(C1=CC=CC=C1)[H],1,,True
202,"1,2-Dimethoxybenzene",,7      8,H302,1,19.2,4.4,9.4,206,0.6,1.084,138.17,127.46,0.101,91-16-7,COC1=C(OC)C=CC=C1,1,,True
203,Sulfolane (Tetramethylene Sulfone),,7      8,H302,1,17.8,17.4,8.7,285,0,1.26,120.17,95.37,0.104,126-33-0,O=[S]1(CCCC1)=O,1,,False
204,Ethylene Glycol,,7      8,H302-H373,1,17,11,26,196,0.1,1.113,62.07,55.77,0.045,107-21-1,OCCO,1,,True
205,Phenyl Acetate,,7     8,H302,2,19.8,5.2,6.4,196,0.5,1.073,136.15,126.89,0.083,122-79-2,CC(OC1=CC=CC=C1)=O,1,,True
206,Toluene,,2     7      8,H225-H304-H315-H336-H361d-H373,2,18,1.4,2,110.6,37.9,0.87,92.14,105.91,0.019,108-88-3,CC1=CC=CC=C1,1,,True
207,d-Limonene,,2     7      8     9,H226-H304-H315-H317-H410,3,17.2,1.8,4.3,177,2.6,0.8411,136.24,161.98,0.068,5989-27-5,CC1=CCC(CC1)C(=C)C,1,,True
208,β-Pinene,,2     7,H226-H315-H319-H335,3,16.2,1,1.8,165,3.9,0.872,136.2,156.19,0.049,127-91-3,C=C(CC2)C1C(C)(C)C2C1,0,,True
209,Tetrahydrofurfurylamine,,2     7,H226-H315-H319,3,17.3,6.4,8.2,154,4.3,0.98,101.15,103.21,0.132,4795-29-3,C1CC(OC1)CN,0,,False
210,4-Methoxy Acetophenone,,7     8,H302,2,18.9,11.2,7,254,0,1.082,150.18,138.8,0.092,100-06-1,CC(C1=CC=C(OC)C=C1)=O,1,solid,True
211,Tetrahydronaphthalene,,7     8     9,EUH019-H227-H315-H319-H351-H411,2,19.6,2,2.9,207.6,0.5,0.97,132.21,136.3,0.036,119-64-2,C12=CC=CC=C1CCCC2,1,,True
212,Tetrahydrofuran (THF),,2     7     8,H225-H302-H319-H335-H351,1,16.8,5.7,8,65,216,0.889,72.11,81.11,0.045,109-99-9,C1CCOC1,1,,True
213,Carbon Disulfide (0 Dipole Moment),,2     7     8,H225-H315-H319-H332-H361fd-H372,2,20.2,0,0.6,46,478.6,1.26,76.14,60.43,0.104,75-15-0,S=C=S,1,,False
214,Thiophene,,2     5     6     7,H225-H302-H315-H318-H319-H331-H335-H412,3,18.9,2.4,7.8,84,106.3,1.065,84.14,79,0.11,110-02-1,C1=CC=CS1,1,,False
215,Tetramethylene Sulfide,,2     7,H225-H302-H312-H315-H319-H332-H412,2,18.6,6.7,6,121,24.5,0.9987,88.17,88.28,0.098,110-01-0,C1CCSC1,0,,False
216,p-Bromoanisole,,2      7      9,H304-H403,2,19.3,7.1,6.3,215,0.3,1.494,187,125.17,0.205,104-92-7,COC1=CC=C(Br)C=C1,3,,False
217,"1,8-Diiodooctane",,2,H315-H319,3,18.3,4.1,3.2,363,0,1.84,366.02,198.92,6.845,24772-63-2,C(CCCCI)CCCI,2,,False
218,Methylene Diiodide (Diiodomethane),,6,H301 + H311-H315-H319-H332-H335,1,22,3.9,5.5,181,1.6,3.32,267.84,80.67,0.359,75-11-6,[H]C(I)I[H],3,,False
219,Chloroiodomethane    ,,7,H302+H312+H332-H315-H319-H335,,19.8,7.7,4.4,109,47.6,2.422,176.4,72.83,1.119,593-71-5,ClCI,2,,False
220,"1,8-Octane Dithiol",,7,H302-H315-H319-H335,3,17.4,5.9,5.6,269.5,0,0.96,178.4,185.83,8.102,1191-62-4,C(CCCCS)CCCS,0,,False
221,Dibenzyl Ether,,7      9,H317-H410,2,19.6,3.4,5.2,298,0,1.043,198.26,190.09,0.034,103-50-4,C1(COCC2=CC=CC=C2)=CC=CC=C1,1,,True
222,Diphenyl Ether,,7      9,H319-H410-H411,2,19.4,3.4,4,259,0,1.073,170.21,158.63,0.039,101-84-8,C1(OC2=CC=CC=C2)=CC=CC=C1,1,,True
223,1-Chloronaphthalene,,7      9,H302-H315-H319-H335-H411,2,20.5,4.9,2.5,259,0,1.1938,162.62,136.22,0.085,90-13-1,ClC1=C(C=CC=C2)C2=CC=C1,3,,False
224,1-Phenylnaphthalene,,7,,3,19.9,2.7,3.8,334,0,1.085,204.3,188.29,6.727,605-02-7,C1(C2=CC=CC=C2)=C(C=CC=C3)C3=CC=C1,0,,True
225,Nitrobenzene,,6      8,H227-H301+H311+H331-H351-H360F-H372-H412,3,20,10.6,3.1,211,0.3,1.2,123.11,102.59,0.048,98-95-3,O=[N+]([O-])C1=CC=CC=C1,1,,False
226,Benzyl Benzoate,,7     9,H302-H400-H410-H411,2,20,5.1,5.2,323.5,0,1.1121,212.25,190.86,0.043,120-51-4,O=C(OCC2=CC=CC=C2)C1=CC=CC=C1,1,,True
227,Butyl Benzoate,,7,H302-H315-H319-H335,2,18.3,5.6,5.5,250,0,1.01,178.23,176.47,0.074,136-60-7,O=C(C1=CC=CC=C1)OCCCC,0,,True
228,Methyl Phenyl Sulfide,,7     9,H227-H302-H315-H317-H319-H411,2,19.6,4.8,4.7,193,0.6,1.05,124.21,118.3,0.218,100-68-5,CSC1=CC=CC=C1,1,,False
229,Cyclohexanol,,7      9,H227-H302+H332-H315-H335-H412,1,17.4,4.1,13.5,161,0.9,0.96,100.16,104.33,0.031,108-93-0,OC1CCCCC1,1,,True
230,N-Methyl-2-Pyrrolidone (NMP),,7      8,H227-H315-H319-H335-H360D,2,18,12.3,7.2,202,0.5,1.03,99.13,96.24,0.035,872-50-4,CN1C(CCC1)=O,1,,False
231,"3,5-Dimethylanisole",,6,H301-H311-H331,3,18.1,4.5,4.9,193,0.8,0.963,136.19,141.42,1.949,874-63-5,CC1=CC(=CC(=C1)OC)C,1,,True
232,Cyclopentyl Methyl Ether (Cpme),,2      7,H225-H302-H315-H319-H412,3,16.7,4.3,4.3,106,46.1,0.86,100.16,116.47,0.082,5614-37-9,COC1CCCC1,0,,True
233,"2-Methoxy-1,3-dioxolane",,2,H226,3,17.8,8.4,7.7,130,16.5,1.092,104.1,95.33,1.928,19693-75-5,COC1OCCO1,0,,True
234,2-Isopropylanisole,,,,3,17.5,3.7,3.6,200,0.4,0.936,150.22,160.49,2.246,2944-47-0,CC(C)C1=CC=CC=C1OC,0,,True
235,Benzyl Alcohol,,7,H302 + H332-H319,3,18.4,6.3,13.7,205,0.1,1.045,108.14,103.48,0.03,100-51-6,OCC1=CC=CC=C1,0,,True
236,Menthol,,5     7,H315-H318-H335,2,16.5,3.5,6.9,212,0,0.89,156.3,175.62,0.183,89-78-1,CC(C(CCC(C)C1)C1O)C,1,solid,True
237,Acetonitrile,,2     7,H225-H302+H312+H332-H319,2,15.3,18,6.1,81.6,118.4,0.787,41.05,52.16,0.065,75-05-8,CC#N,0,,False
238,1-Butanol,,2     5     7,H226-H302-H315-H318-H335-H336,1,16,5.7,15.8,117.7,9.3,0.81,74.12,91.51,0.019,71-36-3,CCCCO,1,,True
239,2-Butanol,,2     7,H226-H319-H335-H336,1,15.8,5.7,14.5,98,24.4,0.808,74.12,91.73,0.035,78-92-2,CC(O)CC,0,,True
240,t-Butyl Alcohol,,2     7,H225-H319-H332-H335-H336,1,15.2,5.1,14.7,82.4,54.3,0.78,74.12,95.03,0.022,75-65-0,O[C@](C)(C)C,0,,True
241,t-Butyl Acetate,,2     7,EUH066-H225-H332-H335-H336,1,15,3.7,6,98,62.7,0.866,116.16,134.13,0.103,540-88-5,CC(C)(C)OC(C)=O,0,,True
242,Diacetone Alcohol,,2     7,H226-H319-H335,1,15.8,8.2,10.8,166,1.1,0.931,116.16,124.77,0.031,123-42-2,CC(CC(C)(O)C)=O,0,,True
243,"N,N-Dimethyl Acetamide",,7     8,H227-H312+H332-H360D,2,16.8,11.5,9.4,165,2.7,0.937,87.12,92.98,0.032,127-19-5,CC(N(C)C)=O,1,,False
244,Dimethyl Formamide (DMF),,2     7     8,H226-H312+H332-H319-H360D,2,17.4,13.7,11.3,153,5.2,0.95,73.09,76.94,0.068,68-12-2,[H]C(N(C)C)=O,1,,False
245,"1,4-Dioxane",,2     7     8,EUH019-EUH066-H225-H319-H335-H351,2,17.5,1.8,9,102,50.8,1.03,88.11,85.54,0.107,123-91-1,C1COCCO1,1,,True
246,Dipropylene Glycol,,,,1,16.7,8.2,15.5,235,0,1.02,134.18,131.55,0.036,2396-61-4,OCCCOCCCO,0,,True
247,Cyclohexanone,,2     5     7  ,H226-H302+H312+H332-H315-H318,1,17.8,8.4,5.1,156,6.7,0.945,98.14,103.85,0.047,108-94-1,O=C1CCCCC1,1,,True
248,Ethyl Lactate,,2     5     7  ,H226-H318-H335,1,16,7.6,12.5,154,5,1.031,118.13,114.58,0.043,97-64-3,CCOC(=O)C(C)O,1,,True
249,Ethylene Carbonate,,7     8,H302-H319-H373,1,18,21.7,5.1,244,0,1.321,88.06,66.66,0.063,96-49-1,O=C1OCCO1,1,solid,True
250,γ-Butyrolactone (GBL),,5     6     7,H302-H318-H336,1,18,16.6,7.4,204,0.6,1.13,86.09,76.19,0.025,96-48-0,O=C1CCCO1,1,,True
251,Isopropyl Acetate,,2     7,EUH066-H225-H319-H336,1,14.9,4.5,8.2,89,80.5,0.874,102.13,116.85,0.034,108-21-4,CC(OC(C)C)=O,0,,True
252,Isophorone,,7      8,H227-H302+H312-H319-H335-H351,1,17,8,5,215,0.6,0.92,138.21,150.23,0.042,78-59-1,CC(CC(C)=CC1=O)(C1)C,1,,True
253,Methyl Ethyl Ketone (MEK),,2     7,EUH066-H225-H319-H336,1,16,9,5.1,80,120.8,0.805,72.11,89.58,0.029,78-93-3,CC(CC)=O,0,,True
254,Methylene Dichloride (Dichloromethane),,7      8,H315-H319-H336-H351,,17,7.3,7.1,40,580,1.33,84.93,63.86,0.023,75-09-2,[H]C(Cl)(Cl)[H],3,,False
255,Methyl Isobutyl Ketone (MIBK),,2     7,EUH066-H225-H319-H332-H335,1,15.3,6.1,4.1,116,26.5,0.8,100.16,125.2,0.044,108-10-1,CC(CC(C)C)=O,0,,True
256,1-Nitropropane,,2     6       7,H226-H302+H312+H332-H331,1,16.6,12.3,5.5,132,13.5,0.99,89.09,89.99,0.093,108-03-2,O=[N+]([O-])CCC,1,,False
257,2-Phenoxy Ethanol,,7,H302-H319,1,17.8,5.7,14.3,245,0,1.11,138.17,124.48,0.048,122-99-6,OCCOC1=CC=CC=C1,0,,True
258,Propylene Glycol Monomethyl Ether Acetate,,2,H226,2,15.6,5.6,9.8,146,5.2,0.969,132.16,136.39,0.04,108-65-6,CC(COC)OC(=O)C,0,,True
259,Tetrahydrofurfuryl Alcohol,,7      8,H227-H319-H360Df,2,17.8,8.2,12.9,178,1.1,1.05,102.13,97.27,0.041,97-99-4,OCC1CCCO1,1,,True
260,Indene,,2     8,H226-H304,1,18.7,2.6,9,182,1.5,0.996,116.16,116.63,3.904,95-13-6,C1(CC=C2)=C2C=CC=C1,1,,True
261,Indane,,2     8,H226-H304,3,19,3,2.9,176,2,0.965,118.2,122.49,0.3,496-11-7,C1(C=CC=C2)=C2CCC1,1,,True
262,Methyl Benzoate,,7,H227-H302,1,18.9,8.2,4.7,199,0.5,1.088,136.15,125.14,0.045,93-58-3,O=C(OC)C1=CC=CC=C1,0,,True
263,Ethyl Benzoate,,,H227,1,17.9,6.2,6,212,0.4,1.049,150.18,143.16,0.056,93-89-0,O=C(OCC)C1=CC=CC=C1,0,,True
264,1-Methyl Naphthalene,,7     8     9,H227-H302-H411,2,19.7,0.8,4.7,245,0.1,1.0202,142.2,139.38,0.103,90-12-0,CC1=C(C=CC=C2)C2=CC=C1,1,,True
265,"1,4-Dimethylnaphthalene",,,,3,19,1,4,268,0,1.016,156.2,153.74,12.111,571-58-4,CC1=C(C=CC=C2)C2=C(C)C=C1,0,,True
266,Cyclohexyl Benzene,,7     8     9,H302-H315-H319-H410,2,18.7,0,1,240.1,0.1,0.95,160.26,168.69,0.342,827-52-1,C1(C2=CC=CC=C2)CCCCC1,1,,True
267,"1,5-Dimethyltetralin",,7,H315-H319-H335,3,18.1,2.8,2.8,249,0.1,0.946,160.25,169.4,0.554,21564-91-0,CC1CCCC2=C(C=CC=C12)C,0,,True
268,Acetophenone,,7,H227-H302-H319,1,18.8,9,4,202,0.5,1.028,120.15,116.88,0.035,98-86-2,CC(C1=CC=CC=C1)=O,0,,True
269,Methyl Cyclohexane,,2     7     8     9,H225-H304-H315-H336-H410-H411,2,16,0,1,101,61.3,0.77,98.19,127.52,0.044,108-87-2,CC1CCCCC1,1,,True
270,Glycerol,,,,1,17.4,11.3,27.2,290,0,1.26,92.09,73.09,0.04,56-81-5,OC(CO)CO,0,,True
271,Chloroform,,6     7      8,H302-H315-H319-H331-H336-H351-H361d-H372,3,17.8,3.1,5.7,61,262.6,1.492,119.38,80.01,0.052,67-66-3,ClC(Cl)(Cl)[H],3,,False
272,Chlorobenzene,,6     7      9,H226-H315-H332-H411,2,19,4.3,2,132,16,1.106,112.56,101.77,0.035,108-90-7,ClC1=CC=CC=C1,3,,False
273,o-Dichlorobenzene,,7      9,H227-H302+H332-H315-H317-H319-H335-H410,2,19.2,6.3,3.3,180,1.8,1.306,147,112.56,0.039,95-50-1,ClC1=C(Cl)C=CC=C1,3,,False
274,"1,2,4-Trichlorobenzene",,7     9,H302-H315-H410,3,20.2,4.2,3.2,213,0.6,1.459,181.45,124.37,0.065,120-82-1,C1=CC(=C(C=C1Cl)Cl)Cl,3,,False
275,2-Chlorothiophene,,2     6      7,H226-H315-H319-H335 H225-H301+H311+H331 ,3,19.2,6.2,8,128,31.7,1.286,118.59,92.22,0.527,96-43-5,ClC1=CC=CS1,3,,False
276,o-Chlorotoluene,,2     7     8     9,H226-H332-H361d-H410,2,19,4.9,2.3,159,4.6,1.0826,126.59,116.93,0.05,95-49-8,CC(C=CC=C1)=C1Cl,3,,False
277,m-Chlorotoluene,,2     7     9,H226-H332-H411,2,18.6,3.2,2.5,162,4.9,1.072,126.6,118.1,0.137,108-41-8,CC1=CC(Cl)=CC=C1,3,,False
278,Bromoform,,6     7     9,H302-H315-H319-H331-H411,3,20,5,7,149.5,7.2,2.89,252.73,87.45,2.104,75-25-2,[H]C(Br)(Br)Br,3,,False
279,Bromobenzene,,2     7     9,H226-H315-H411,2,19.2,5.5,4.1,156,5.6,1.5,157.01,104.67,0.082,108-86-1,BrC1=CC=CC=C1,3,,False
280,Benzene,,2     7     9,H225-H304-H315-H319-H340-H350-H372-H412,3,18.4,0,2,80,126.4,0.88,78.11,88.76,0.082,71-43-2,C1=CC=CC=C1,1,,True
281,1-Bromonaphthalene,,7,H302-H319,3,20.6,3.1,4.1,280,0,1.48,207.07,139.91,0.197,90-11-9,BrC2=CC=CC1=CC=CC=C12,2,,False
282,Tetrahydrofurfuryl Propionate,,7     8,H227-H319-H360Df,2,16.7,5.8,6.2,178,2,1.054,158.2,150.09,0.041,637-65-0,CCC(=O)OCC1CCCO1,1,,True
283,Diphenyl Sulfide,,7     9,H302-H315-H319-H413,3,20.3,3.5,3.5,296,0,1.113,186.3,167.39,0.866,139-66-2,C1(SC2=CC=CC=C2)=CC=CC=C1,1,,False
284,Phenyl Acetaldehyde,,5      7,H227-H302-H317-H315-H319-H335,1,18.5,7.2,5.6,195,0.5,1.035,120.1,116.04,0.144,122-78-1,C1=CC=C(C=C1)CC=O,1,solid,True
285,2-Bromo Propene,,2       7,H225-H315-H319-H335,3,16.1,6,4.9,48.4,446.6,1.362,120.98,88.83,5.121,557-93-7,BrC(C)=C,2,,False
286,N-Methylpyrrole,,2       7,"H225: Flüssigkeit und Dampf leicht entzündbar.                 H315: Verursacht Hautreizungen.
H319: Verursacht schwere Augenreizung.
H335: Kann die Atemwege reizen.",3,17.8,5.6,5.6,113,20,0.914,81.1,88.73,0.171,96-54-8,CN1C=CC=C1,0,,False
287,1-Phenylpyrrole,,7,H315-H319-H335,3,19.4,4.4,4.6,234,0,1.031,143.18,138.87,3.39,635-90-5,C1=CC=C(C=C1)N2C=CC=C2,0,melt at 60 °C,False
288,2-Methyl-2-Cyclopenten-1-one,,2,H226,3,18.3,8.1,6.1,160,7.6,0.979,96.13,98.19,36.223,1120-73-6,CC1=CCCC1=O,0,,True
289,2-Ethylpyrrole,,7,H315-H319-H335,3,18.2,6.8,7.8,165,1,0.929,95.14,102.41,100.332,1551-06-0,CCC1=CC=CN1,0,,False
290,1-(Dimethylamino)pyrrole,,2       7,H226-H315-H319,3,17.4,5,5.2,140,3.7,0.912,110.16,120.79,9.248,78307-76-3,CN(C)N1C=CC=C1,0,,False
291,3-Methyl-2-thiophenecarboxaldehyde,,2       7,H227-H315-H319-H335,3,18.9,12.5,8.1,215,0.4,1.17,126.18,107.85,0.98,5834-16-2,CC1=C(SC=C1)C=O,0,,False
292,2-Cyclopenten-1-One,,2,H226-H302-H315-H319-H335,3,18.4,9.8,6.2,150,5.3,0.98,82.1,83.78,6.154,930-30-3,O=C1C=CCC1,0,,True
293,1-Methylcyclopentene,,2     8,H225-H304,3,16.9,2.7,4,74,106.7,0.779,82.1,105.39,4.503,693-89-0,CC1=CCCC1,1,,True
294,Cyclopentene,,2     7     8,H225-H304-H315,3,16.7,3.8,1.7,45,507.2,0.773,68.12,88.12,0.276,142-29-0,C1=CCCC1,1,,True
295,1-Acetyl-1-cyclohexene,,,,3,17.5,5.1,4.9,202,1.2,0.966,124.18,128.55,4.637,932-66-1,CC(=O)C1=CCCCC1,0,,True
296,"1,2-Propyleneglycol sulfite",,7,H319,3,18.9,9.2,5.2,178,2.2,1.293,122.15,94.47,11.236,1469-73-4,CC1COS(=O)O1,0,,False
297,1-Methylpyrazole,,2       7,H226-H315-H319-H335,3,18,8.9,6.7,127,6.7,0.988,82.1,83.1,10.967,930-36-9,CN1C=CC=N1,0,,False
298,5-tert-Butyl-m-xylene,,2,H227,3,16.8,1.6,1.9,209,0.5,0.867,162.27,187.16,0.134,98-19-1,CC1=CC(=CC(=C1)C(C)(C)C)C,0,,True
299,3-Methoxythiophene,,2,H226,3,18.7,6.1,8.5,156,6.1,1.143,114.17,99.89,16.345,17573-92-1,COC1=CSC=C1,0,,False
300,Farnesol,,7       9,H315-H317-H319-H411,2,17,3.3,5.6,294,0,0.886,222.4,251.02,0.257,4602-84-0,CC(=CCCC(=CCCC(=CCO)C)C)C,1,,True
301,Styralyl Acetate,,,,1,17.6,3.6,5.2,288,0,1.028,164.2,159.73,0.065,93-92-5,CC(C1=CC=CC=C1)OC(=O)C,0,,True
302,Dimethyl Phthalate,,,,1,18.6,10.8,4.9,282,0,1.19,194.19,163.18,0.044,131-11-3,O=C(OC)C1=CC=CC=C1C(OC)=O,0,,True
303,3-Tetrahydrothiophenone,,7,H227-H315-H319-H335,2,19.9,13.7,7.3,175,1.6,1.194,102.2,85.59,3.534,1003-04-9,C1CSCC1=O,0,,False
304,Decane,,7     8,EUH066-H226-H304,1,15.7,0,0,174,1.9,0.73,142.28,194.9,0.173,124-18-5,CCCCCCCCCC,1,,True
305,Methyl n-Propyl Ketone,,2       7,H225-H302-H319,1,16,7.6,4.7,102,47.2,0.809,86.13,106.46,0.072,107-87-9,CC(CCC)=O,0,,True
306,Methyl Butyl Ketone,,2     7     8,H226-H336-H361f-H372,1,15.3,6.1,4.1,127,15.5,0.812,100.16,123.35,0.52,591-78-6,CC(CCCC)=O,1,,True
307,3-Methyl-2-Pentanone,,2,H225,3,15.7,5.4,3.7,118,15.5,0.815,100.2,122.94,3.977,565-61-7,CC(CC)C(C)=O,0,,True
308,Methyl n-Amyl Ketone,,2       7,H226-H302+H332-H336,1,16.2,5.7,4.1,151,5.1,0.81,114.19,140.98,0.075,110-43-0,CC(CCCCC)=O,0,,True
309,2-Octanone,,2       7,H226-H312,1,16.1,5.2,3.8,173,1.8,0.82,128.2,156.34,0.049,111-13-7,CC(CCCCCC)=O,0,,True
310,2-Nonanone,,7,H227-H315-H319-H412,1,16.1,5.1,3.5,195.3,0.8,0.832,142.2,170.91,0.158,821-55-6,CC(CCCCCCC)=O,0,,True
311,2-Decanone,,9,H227-H411,2,16.1,4.4,3.1,210,0.4,0.825,156.3,189.45,0.415,693-54-9,CC(CCCCCCCC)=O,1,,True
312,Diethyl Ether,,2       7,EUH019-EUH066-H224-H302-H336,1,14.5,2.9,4.6,36,717.3,0.71,74.12,104.39,0.057,60-29-7,CCOCC,0,,True
313,Dihexyl Ether,,,H227-H413,2,16,3,2.8,223,0.1,0.793,186.34,234.98,1.497,112-58-3,CCCCCCOCCCCCC,0,,True
314,Di-n-Butyl Ether,,2       7,H226-H315-H319-H335-H412,2,15.2,3.4,3.2,141,8,0.764,130.23,170.46,0.035,142-96-1,CCCCOCCCC,0,,True
315,Di-n-Pentyl Ether,,2,"H226,H411",3,15.6,3.1,3,190,1.1,0.8,158.28,197.85,0.796,693-65-2,CCCCCOCCCCC,0,,True
316,Phenetole (Ethyl Phenyl Ether),,2,H226,2,18.4,4.5,4,170,2,0.967,122.17,126.34,0.106,103-73-1,CCOC1=CC=CC=C1,0,,True
317,Dichloromethyl Methyl Ether,,2     5     7,H225-H302 + H332-H314,3,17.1,12.9,6.5,85,105.3,1.271,114.96,90.45,1.69,4885-02-3,COC(Cl)Cl,3,,False
318,Methyl Cinnamate,,7,H317-H315; H319; H335,1,18.2,4,5.7,261,0,1.042,162.2,155.66,0.125,103-26-4,O=C(OC)/C=C/C1=CC=CC=C1,0,solid,True
319,Pyridine,,2     7,H225-H302 + H312 + H332-H315-H319,2,19,8.8,5.9,115,27.7,0.98,79.1,80.71,0.073,110-86-1,C1=CN=CC=C1,0,,False
320,Anisidine (2-Methoxyaniline),,6     8,H301-H311-H331-H341-H350,3,19.5,5.4,11.4,224,0.1,1.1,123.15,111.95,0.06,90-04-0,COC(C=CC=C1)=C1N,0,,False
321,N-Methylaniline,,6     8     9,H301-H311-H331-H373-H410,3,19.5,6,7.8,196,0.6,0.989,107.16,108.35,0.056,100-61-8,CNC1=CC=CC=C1,0,,False
322,m-Chloroanisole,,2,H227-H315-H319-H335,3,18.9,5.3,4.5,193,0.7,1.164,142.6,122.51,0.764,2845-89-8,COC1=CC(Cl)=CC=C1,2,,False
323,4-Chloroanisole,,7,H227-H302+H312+H332-H315-H319-H335,3,19.6,7.8,6.7,198,0.7,1.17,142.58,121.86,0.456,623-12-1,COC1=CC=C(Cl)C=C1,2,,False
324,2-Chlorophenol,,7     9,H227-H302+H312+H332-H411,2,19,5.5,13.9,175,3.4,1.26,128.56,102.03,0.116,95-57-8,OC1=CC=CC=C1Cl,3,,False
325,"1,4-Dichlorobutane",,2     7,H226-H315-H319-H335-H412,1,18.3,7.7,2.8,161,5.5,1.14,127.01,111.41,0.091,110-56-5,C(CCCl)CCl,2,,False
326,Hexachloroacetone,,6     7      9,H302-H317-H331-H411,2,18.3,3,3,203,0.5,1.74,264.7,152.13,0.134,116-16-5,O=C(C(Cl)(Cl)Cl)C(Cl)(Cl)Cl,3,,False
327,"1,3-Dithiolane",,,,3,20.4,9.3,6.7,183,2.1,1.235,106.21,86,14.005,4829-04-3,C1CSCS1,0,,False
328,Cyclopentanethiol,,2     7,H226-H302-H315-H319-H335,3,17.5,3.9,4.7,132,15.2,0.957,102.2,106.79,1.474,1679-07-8,SC(CC1)CC1,0,,False
329,Thiazole,,2     5      7,H226-H302-H315-H318-H335,3,20.5,18.8,10.8,118,22.9,1.2,85.13,70.94,2.664,288-47-1,C1=CN=CS1,1,,False
330,Oxazole,,2     5,H225-H318-H314,3,18,10.3,7.9,69.5,176,1.05,69.1,65.81,3.717,288-42-6,C1=COC=N1,1,,False
331,Isoxazole,,2      7,H225,3,18.8,13.4,11.2,95,60.6,1.078,69.06,64.06,3.954,288-14-2,C1=CON=C1,0,,False
332,Benzoxazole,,2      7,H228-H302-H315-H319-H335,3,20.6,11.5,8.8,182.5,0.8,1.175,119.12,101.38,1.316,273-53-0,C1=CC=C2C(=C1)N=CO2,0,solid,False
333,2-Methyl Benzothiazole,,7,H302,3,19.8,5.6,5.6,238,0,1.173,149.2,127.2,0.88,120-75-2,CC1=NC2=CC=CC=C2S1,0,,False
334,Thiazolidine,,2     5,H226-H314,3,19.4,9.4,9.1,165,4.3,1.131,89.16,78.83,17.055,504-78-9,C1CSCN1,1,,False
335,Thiomorpholine,,5,H227-H314,3,18.8,8.2,8.3,175,1.9,1.086,103.19,95.02,5.821,123-90-0,C1CSCCN1,1,,False
336,Nutty Cyclohexenone,,7,H227-H302,3,18.1,7.2,5.1,201,0.5,0.971,110.2,113.49,4.894,1193-18-6,CC1=CC(=O)CCC1,0,,True
337,2-Phenylpropionaldehyde,,7     8,H227-H315-H317-H319-H361f,3,18,5.9,4.7,203,0.4,1.002,134.2,133.93,0.269,93-53-8,C1=CC=CC=C1C(C=O)C,1,,True
338,Mesitylene,,2     7     8      9,H226-H304-H315-H319-H335-H411,2,18,0.6,0.6,165,3.3,0.86,120.19,139.76,0.082,108-67-8,CC1=CC(C)=CC(C)=C1,1,,True
339,Phenoxyacetone,,7,,3,18.4,7.4,6,229,0.3,1.097,150.17,136.89,5.485,621-87-4,CC(=O)COC1=CC=CC=C1,0,,True
340,Benzyl Methyl Ketone,,,,3,18.2,5.7,4.6,214,0.2,1.016,134.2,132.09,0.174,103-79-7,c(ccc1CC(=O)C)cc1,0,,True
341,Tetrahydrofurfuryl Chloride,,2     7,H226-H315-H319-H335,3,17.4,7.1,5.1,150,4,1.11,120.58,108.63,1.048,3003-84-7,C1CC(OC1)CCl,2,,False
342,2-(Chloromethyl)tetrahydro-2H-pyran,,2     7,H226-H315-H319-H335,3,17.3,5.6,4.6,181,2,1.075,134.6,125.21,8.493,18420-41-2,C1CCOC(C1)CCl,2,,False
343,Nopol,,7,H302-H315-H319-H335,3,16.9,3.6,8.5,230,0,0.974,166.3,170.74,0.487,128-50-7,CC1(C2CC=C(C1C2)CCO)C,0,,True
344,Mango Furanone,,2     7,H227-H302,,17.9,8.8,6.3,260,0,1.06,112.1,105.75,0.343,14400-67-0,CC1C(=O)C=C(O1)C,0,,True
345,Coffee Furanone,,2     7,H226-H302-H315-H319-H335,2,17.8,10.6,6.4,139,10.7,1.034,100.1,96.81,2.246,3188-00-9,CC1C(=O)CCO1,0,,True
346,5-Methyl Furfural,,7,H227,,18,12.5,7.2,187,1,1.106,110.1,99.55,0.666,620-02-0,CC1=CC=C(O1)C=O,0,Air Sensitive. Store under Argon,True
347,(S)-( )-Perillyl Alcohol.,,7,H315-H319-H335,3,17.3,4.3,9.2,241,0,0.96,152.2,158.54,2.285,18457-55-1,OC/C1=C/CC(\C(=C)C)CC1,0,,True
348,2-Chlorobenzotrichloride,,7     8,H302-H315-H319-H351,2,19.4,2.6,2.1,262,0,1.508,229.9,152.45,0.838,2136-89-2,C1=CC=C(C(=C1)C(Cl)(Cl)Cl)Cl,3,solid,False
349,3-Methyl-1-Butanethiol,,2      7,H225-H315-H319-H335,3,16,4.1,4.4,118,27.1,0.835,104.2,124.79,0.399,541-31-1,CC(C)CCS,0,,False
350,2-Chloro-p-xylene ,,7,H302-H315-H319,3,18.5,3.7,3.3,187,1.8,1.049,140.61,134.04,0.644,95-72-7,CC1=CC(=C(C=C1)C)Cl,2,,False
351,Isopropyl Chloride (2-Chloro Propane),,2     5     7,H224-H290-H302 + H312 + H332,1,15,8,2,35,686.6,0.859,78.54,91.43,0.051,75-29-6,CC(Cl)C,3,,False
352,2-Bromopropane,,2      8,EUH066-H225-H360F-H373,1,15.5,8.3,4.7,60,288,1.31,122.99,93.89,0.094,75-26-3,CC(Br)C,3,,False
353,2-Iodopropane,,2     7,H226-H315-H319-H335,3,17.1,3.5,3,90,57.3,1.703,170,99.82,0.426,75-30-9,CC(I)C,2,,False
354,"2,2-Dichloropropane",,2     7,H225-H319,3,16.1,4.6,3.4,69,176,1.082,113,104.44,10.885,594-20-7,CC(Cl)(Cl)C,2,,False
355,"1,3-Dichloro Propane",,2     7,H226-H315-H319-H335,2,18,8.2,3,120,24.3,1.19,112.99,94.95,3.606,142-28-9,ClCCCCl,2,,False
356,"1,2-Dichloropropane",,2     7     8,H225-H302+H332-H350,3,17.3,7.1,2.9,96,71.1,1.16,112.99,97.41,0.066,78-87-5,CC(Cl)CCl,3,,False
357,"1,7-Octadiene",,2     8     9,H225-H304-H412,3,15.6,2,2.9,115.5,30,0.746,110.2,147.72,0.27,3710-30-3,C=CCCCCC=C,1,,True
358,"3-Methyl-1,4-Pentadiene",,2     7,H225 - H315,3,15.2,2.1,3.1,55,353,0.672,82.1,122.17,12,1115-08-8,C=CC(C)C=C,0,,True
359,"1,5-Hexadiene",,2     7     8,H225-H304-H315-H319-H335,3,15.4,2.6,3.5,59.4,30.5,0.692,82.14,118.7,0.67,592-42-7,C=CCCC=C,1,,True
360,"1,6-Heptadiene",,2     7     8,H225-H304-H315-H319-H335,3,15.5,2.7,3.3,90,79.7,0.714,96.17,134.69,4.28,3070-53-9,C=CCCCC=C,1,,True
361,Vinylcyclohexane,,2      8,H225,3,16.4,1.5,2.6,128,18.4,0.805,110.2,136.89,5.152,695-12-5,C=CC1CCCCC1,1,,True
362,Allylcyclopentane,,2     7,H225-H302+H332,2,16.4,1.4,2.6,127,19.3,0.792,110.2,139.14,5.512,3524-75-2,C=CCC1CCCC1,0,,True
363,Vinylcyclopentane,,2,H225,2,16.3,1.4,2.6,97,61.9,0.704,96.17,136.61,28.301,3742-34-5,C=CC1CCCC1,0,,True
364,Allylbenzene,,2      8,H226-H304,3,17.6,2.3,3.5,157,4.8,0.892,118.2,132.51,1.293,300-57-2,C=CCC1=CC=CC=C1,1,,True
365,4-Allyltoluene,,2     7     8,H226 - H302,3,17.8,2.8,3.6,190,1.5,0.865,132.2,152.83,10.207,3333-13-9,CC1=CC=C(C=C1)CC=C,1,,True
366,Styrene,,2     7     8,H226 - H315 - H319 - H332 - H361d - H372,2,18.6,1,4.1,146,8.5,0.906,104.15,114.96,0.041,100-42-5,C=CC1=CC=CC=C1,1,,True
367,m-Methylstyrene,,2     7     8,H226-H304-H315-H319-H332-H335,3,17.9,2.2,2.6,171,2.3,0.89,118.2,132.81,7.245,100-80-1,C=CC1=CC(C)=CC=C1,1,,True
368,o-Chlorostyrene,,2     7     8,H226-H332-H350,3,18.7,4.7,3.9,189,1.3,1.091,138.6,127.04,6.59,2039-87-4,C=CC1=CC=CC=C1Cl,3,,False
369,m-Chlorostyrene,,7,H302-H332,3,18.5,3.1,2.7,189,1.3,1.09,138.6,127.16,7.565,2039-85-2,C=CC1=CC(Cl)=CC=C1,2,,False
370,p-Tolualdehyde,,7,H302-H315-H319,1,18.9,8.2,5.9,205,0.3,1.019,120.1,117.86,0.168,104-87-0,O=CC1=CC=C(C)C=C1,0,,True
371,o-Ethyltoluene,,2     7     8     9,H226-H302-H319-H361-H411,3,17.7,2.4,2.6,165,3.5,0.887,120.2,135.51,3.725,611-14-3,CCC(C=CC=C1)=C1C,1,,True
372,m-Ethyltoluene,,2     7     8,H226-H304-H315-H319-H335,3,17.6,2.1,2.1,159,4.1,0.865,120.2,138.96,4.221,620-14-4,CCC1=CC(C)=CC=C1,1,,True
373,2′-Chloroacetophenone,,7,H227-H302-H315-H319-H335,3,19.3,7.4,4,230,0.5,1.188,154.59,130.13,0.752,2142-68-9,CC(=O)C1=CC=CC=C1Cl,2,,False
374,o-Methylacetophenone,,7,H227-H312-H332,3,18.7,6.5,3.9,214,0.3,1.026,134.2,130.8,1.867,577-16-2,CC(C1=CC=CC=C1C)=O,0,,True
375,1-Butyl-4-ethynylbenzene,,7,H315-H319-H335,3,17.6,3,3,221,0.1,0.906,158.24,174.66,4.675,79887-09-5,CCCCC1=CC=C(C=C1)C#C,0,,True
376,1-Hexene,,2     7     8,EUH066-H225-H304,2,14.7,1.1,3,63,244,0.6731,84.16,125.03,0.128,592-41-6,C=CCCCC,1,,True
377,Benzyl Methacrylate,,7,H315-H319-H335,1,16.8,4.1,4.1,233,0.1,1.04,176.22,169.44,0.114,2495-37-6,CC(=C)C(=O)OCC1=CC=CC=C1,0,,True
378,Cyclohexane,,2     7     8     9,H225-H304-H315-H336-H410,2,16.8,0,0.2,81,129.2,0.78,84.16,107.9,0.03,110-82-7,C1CCCCC1,1,,True
379,Cyclopentane,,2     7     8     9,H225-H304-H336-H412,1,16.4,0,1.8,49.3,423.7,0.74,70.13,94.77,0.122,287-92-3,C1CCCC1,1,,True
380,Chlorocyclopentane,,2     7,H225-H315,2,17.2,6.2,3.3,114,32,1.005,104.6,104.08,0.215,930-28-9,ClC1CCCC1,2,,False
381,1-Chloro-1-cyclopentene,,2     7,H225 - H315 - H319 - H335,3,17.5,3.5,3.7,115,30.3,1.035,102.56,99.09,24.633,930-29-0,C1CC=C(C1)Cl,2,,False
382,N-Thionylaniline,,7      8,H315-H319-H334-H335,3,20.5,14.8,7.4,200,0.7,1.236,139.18,112.61,4.128,1122-83-4,C1=CC=C(C=C1)N=S=O,1,,False
383,Cis-3-Hexenyl Acetate,,2,H226,2,16.4,4.3,5.5,169,1.6,0.899,142.2,158.18,0.166,3681-71-8,CC\C=C/CCOC(=O)C,0,,True
384,Methyl Thiobutyrate,,2     7,H226-H315-H319-H335,3,17.3,4.8,4.3,143,188,0.966,118.2,122.36,3.168,2432-51-1,CCCC(=O)SC,0,,False
385,2-Methyl-1-pyrroline,,2     7,H225-H315-H319-H335,3,16.6,7.9,3.7,105,74.7,0.878,83.13,94.68,4.08,872-32-2,CC1=NCCC1,0,,False
386,2-Ethylfuran,,2     6,H225-H301-H330,3,17,4.7,4.9,93,72,0.912,96.1,105.37,3.146,3208-16-0,CCC1=CC=CO1,1,,True
387,2-Methylfuran,,2     6     7     9,H225-H301+H311+H331,1,17.3,2.8,7.4,65,185.3,0.91,82.1,90.22,0.258,534-22-5,CC1=CC=CO1,1,,True
388,2-tert-Butylfuran,,2,H225,3,16,3,3.2,120,7.5,0.871,124.18,142.57,59.228,7040-43-9,CC(C)(C)C1=CC=CO1,0,,True
389,"2,3-Dimethylfuran",,2     7,H225-H302+H312+H332-H315-H317-H319-H335,3,17.1,4.5,4.7,101,55.1,0.91,96.1,105.6,18.564,14920-89-9,O(C=C1)C(C)=C1C,0,,True
390,"2,5-Dimethylfuran",,2     7,H225-H302,3,17.1,4.5,4.7,93,70.7,0.903,96.1,106.42,0.86,625-86-5,CC1=CC=C(C)O1,0,,True
391,"2,5-Dimethyltetrahydrofuran",,2,H226,3,16,3.8,4.2,92,82.7,0.833,100.2,120.29,6.281,1003-38-9,CC1OC(C)CC1,0,,True
392,2-Methoxyfuran,,2,H225,2,17.8,7.4,7.5,110,37.1,1.065,98.1,92.11,28.968,25414-22-6,COC1=CC=CO1,0,,True
393,2-Pentyl Furan,,2     7,H226-H302,3,16.7,3.6,4.1,167,2.7,0.88,138.21,157.06,1.852,3777-69-3,CCCCCC1=CC=CO1,0,,True
394,"2,3-Dihydro-5-methylfuran",,2,H225,3,17.1,4.9,6.8,82,61.3,0.922,84.12,91.24,17.37,1487-15-6,CC1=CCCO1,0,,True
395,2-Acetyl-5-Methyl Furan,,7,H227-H302,3,17.9,8.3,5.4,220,0.4,1.066,124.14,116.45,2.132,1193-79-9,CC1=CC=C(O1)C(=O)C,0,,True
396,Bread Thiophene,,7,H227-H302,3,18.9,12.5,8.1,234,0.1,1.17,126.18,107.85,2.551,13679-70-4,CC1=CC=C(S1)C=O,0,,False
397,Thenaldehyde,,7,H227-H302-H315-H317-H319,3,19.5,14.4,9.4,198,0.5,1.22,112.15,91.93,0.344,98-03-3,C1=CSC(=C1)C=O,0,,False
398,Eugenol,,7       8,H302-H304-H315-H317-H319,1,19,7.5,13,253,0,1.068,164.2,153.75,0.207,97-53-0,COC1=C(C=CC(=C1)CC=C)O,1,,True
399,2-Methylthiophene,,2     7,H225-H315-H319-H332-H335,3,18.4,3.5,6,113,33.2,1.014,98.2,96.84,0.787,554-14-3,CC1=CC=CS1,0,,False
400,2-Ethylthiophene,,2     7,H225-H315-H319-H335,3,18,3.2,5.5,134,13.3,0.99,112.2,113.33,1.95,872-55-9,CCC1=CC=CS1,0,,False
401,"2,5-Dimethylthiophene",,2,H226,3,18,3,5.3,136.5,13.1,0.984,112.19,114.01,1.763,638-02-8,CC1=CC=C(C)S1,0,,False
402,β-Tetralone,,7,H315-H319-H335,3,19.7,6.9,4.2,240,0,1.106,146.19,132.18,7.344,530-93-8,C1CC2=CC=CC=C2CC1=O,0,,True
403,4-Methylthioaniline,,7,H302-H315-H319-H335,3,20.8,7,9.2,273,0,1.12,139.2,124.29,8.915,104-96-1,Nc1ccc(SC)cc1,0,,False
404,Bicyclohexyl,,7      9,H227-H315-H319-H400-H410 ,3,17,0,0,227,0.1,0.864,166.3,192.48,1.313,92-51-3,C2(CCCCC2)C1CCCCC1,1,,True
405,Dimethyl Trisulfide,,2     7,H226-H302-H315-H319-H335,3,19.3,7.8,5.6,170,1.5,1.203,126.3,104.99,0.656,3658-80-8,CSSSC,0,,False
406,Propionaldehyde,,2     5     7,H225-H302+H332-H315-H318-H335,1,15.3,11.1,6.9,49,422.6,0.81,58.08,71.7,0.024,123-38-6,CCC=O,1,,True
407,Tetramethylene Sulfide,,2     7     9,H225-H302+H312+H332-H315-H319-H412,2,18.6,6.7,6,121,24.5,0.9987,88.17,88.28,0.126,110-01-0,C1CCSC1,1,,False
408,Tetramethylene Sulfoxide,,7,H315-H319-H335,3,18.2,11,9.1,236,0,1.173,104.17,88.81,2.886,1600-44-8,C1CCS(=O)C1,0,,False
409,N-tert-Butylmaleimide,,7,H315-H319-H335,3,17.8,6.9,4,189,0.1,1.059,153.18,144.65,67.776,4144-22-3,CC(C)(C)N1C(=O)C=CC1=O,0,,False
410,Mesityl Oxide,,2       6,H226-H302 + H312-H315-H319-H331-H335,1,16.4,7.2,5,130,10.9,0.856,98.14,114.65,0.21,141-79-7,C/C(C)=C/C(C)=O,1,,True
411,Phenyl Acetylene,,2     7     8,H226-H304-H315-H319,3,18.8,2.8,4,143,2.7,0.93,102.14,109.83,0.603,536-74-3,C#CC1=CC=CC=C1,1,,True
412,p-Tolylacetylene,,2     7     8,H226-H302+H312+H332-H315-H319-H335,3,18.3,3.9,3.8,170,3.5,0.916,116.16,126.81,7.988,766-97-2,CC1=CC=C(C=C1)C#C,1,,True
413,Trichloroethylene,,2     8     9,H315-H317-H319-H336-H341-H350-H412,3,18,3.1,5.3,87,92,1.46,131.39,89.99,0.153,79-01-6,[H]/C(Cl)=C(Cl)\Cl,3,,False
414,"N,N-Diethylhydroxylamine",,2     7     9,H226-H312+H332-H335-H411,1,16.1,1.7,14.1,130,4.5,0.867,89.14,102.81,0.139,3710-84-7,CCN(O)CC,1,,False
415,Benzonitrile,,7,H227-H302+H312,2,18.8,12,3.3,191,1,1.007,103.12,102.4,0.346,100-47-0,N#CC1=CC=CC=C1,0,,False
416,Ethylene Glycol Monomethyl Ether,,2     7     8,H226-H302 + H312 + H332-H360FD-H370-H373,2,16,8.2,15,126,12.7,0.965,76.1,78.86,0.031,109-86-4,COCCO,1,,True
417,α-Terpinene,,2     7     8     9,H226-H302-H304-H317-H319-H335-H411,2,16.7,1.6,3.7,175,2.1,0.837,136.2,162.72,0.348,99-86-5,CC1=CC=C(C(C)C)CC1,1,,True
418,1-Butanethiol,,2     7,H225-H302+H332-H315-H319-H335,3,16.3,5.3,4.5,98,60.7,0.842,90.19,107.11,0.089,109-79-5,CCCCS,0,,False
419,Quinoline,,6     7      8     9,H301-H312-H315-H319-H341-H350-H411,2,20.5,5.6,5.7,237,0.1,1.09,129.16,118.5,0.179,91-22-5,C1(C=CC=N2)=C2C=CC=C1,1,,False
420,2-Thiopheneethylamine,,5     7,H302-H312-H314-H315-H319-H332-H335,3,18.9,5.1,9.8,201,0.4,1.087,127.21,117.03,17.044,30433-91-1,C1=CSC(=C1)CCN,1,,False
421,"N,N'-Dimethylaniline",,6     8     9,H227-H301+H311+H331-H351-H411,3,18.2,3,5.6,193,0.9,0.956,121.2,126.78,0.037,121-69-7,CN(C)C1=CC=CC=C1,1,,False
422,3-Hydroxy Tetrahydrofuran,,7,H319,3,18.9,9.4,16.3,181,0.4,1.09,88.11,80.83,1.692,453-20-3,OC1COCC1,0,,True
423,Phthalan,,2,H227,3,19.4,4.9,4.8,192,0.9,1.094,120.1,109.78,3.413,496-14-0,C1OCc2ccccc12,0,,True
424,"1,3-Benzodioxole",,2     7,H226-H302+H332,3,19,6.7,5.9,173,2.3,1.064,122.12,114.77,0.514,274-09-9,C1OC2=CC=CC=C2O1,0,,True
425,Methyl Methacrylate,,2     7,H225-H315-H317-H335,1,15.8,6.5,5.4,101,51.3,0.939,100.12,106.62,0.023,80-62-6,C=C(C)C(OC)=O,0,polymerization,True
426,o-Chlorobenzaldehyde,,5,H227-H314,1,19.5,8.9,5.5,212,0.3,1.249,140.56,112.54,0.143,89-98-5,O=CC(C=CC=C1)=C1Cl,3,,False
427,1-Bromo-3-Chlorobenzene,,7,H227-H315-H319-H335,3,19.6,5.3,3.4,196,0.8,1.63,191.45,117.45,0.518,108-37-2 ,BrC1=CC(Cl)=CC=C1,2,,False
428,2-Chloroethyl Benzene,,7      9,H227-H315-H319-H335-H412-H413,3,19.3,6.3,2.2,198,2.3,1.069,140.61,131.53,0.436,622-24-2,ClCCC1=CC=CC=C1,3,,False
429,Tetrahydrofurfuryl Methacrylate,,7     8,H227-H315-H319-H335,1,16.8,5.1,5.5,178,1.7,1.04,170.21,163.66,0.156,2455-24-5,CC(=C)C(=O)OCC1CCCO1,1,polymerization,True
430,Cyclohexylchloride,,2     7,H226-H315-H319-H335,1,17.3,5.5,2,142,9,1,118.6,118.6,0.154,542-18-7,C1CCC(CC1)Cl,2,,False
431,"Cyclohexane, Methylene-",,2     8,H225-H304,3,16.5,1.6,3.2,103,53.6,0.8,96.17,120.21,34.56,1192-37-6,C=C1CCCCC1,1,,True
432,"Ethanol, 2-Nitro-",,7,H315-H319-H335,3,17.7,17.7,13.3,194,0.1,1.27,91.07,71.71,6.363,625-48-9 ,O=[N+]([O-])CCO,0,,False
433,a-Methyl Styrene,,2     7     8     9,H226-H304-H317-H319-H335-H361-H411,2,18.5,2.4,2.4,169,2.5,0.909,118.18,130.01,0.032,98-83-9,CC(C1=CC=CC=C1)=C,1,polymerization,True
434,Acetol,,2,H226,1,17.4,12.8,16.5,145.5,2.5,1.08,74.08,68.59,0.118,116-09-6,O=C(C)CO,0,,True
435,Cyclopentanol  (Cyclopentyl Alcohol),,2,H226,1,17.3,5.4,12.4,140.4,3.3,0.948,86.13,90.85,0.123,96-41-3,OC1CCCC1,0,,True
436,"1,3-Dimethylcyclohexane",,2     7,H225-H315-H319-H335,3,16,0.1,0.1,122,26.8,0.767,112.21,146.3,1.859,591-21-9,CC1CCCC(C)C1,0,,True
437,tert-Butyl 1-pyrrolecarboxylate ,,7,H315 - H319 - H335,3,17,5,5.6,223,0.1,1,167.21,167.21,1.56,5176-27-2,O=C(N1C=CC=C1)OC(C)(C)C,0,,False
438,"3-Ethyl-2,4-dimethylpyrrole",,7,H315 - H319 - H335,3,17.4,5.3,5.7,199,0.7,0.913,123.2,134.94,9.24,517-22-6,CCc1c(C)c[nH]c1C,0,,False
439,Methallylcyclopentane,,2     7,H226-H315-H319-H335,1,16.3,1.3,2.1,150.2,6.5,0.9,124.22,138.02,10.296,219726-61-1,CC(=C)CC1CCCC1,0,,True
440,Ethyl p-tolylacetate,,7,H315-H319-H335,3,17.8,4.3,5.3,240,0.1,1.01,178.23,176.47,3.737,14062-19-2,CCOC(=O)Cc1ccc(C)cc1,0,,True
441,Furan-3-methanol,,2     7,H226 - H315 - H319 - H335,3,17.4,7.6,15.1,205,0.2,1.139,98.1,86.13,32.12,4412-91-3,OCc1ccoc1,0,,True
442,2-Thiophenemethanol,,7,H315-H319-H335,3,19.6,7.1,15.7,207,0.2,1.206,114.17,94.67,1.544,636-72-6,OCc1cccs1,0,,False
443,2-Thiophene Thiol,,7,H227-H302+H332-H315-H319-H335,3,20.4,3.7,7.9,129,3.1,1.247,116.2,93.18,5.736,7774-74-5,C1=CSC(=C1)S,0,air and light sensitive,False
444,Furfuryl Thioacetate,,7,H227-H315-H319-H335,3,18.8,6.3,5.8,212,0.3,1.171,156.2,133.39,2.759,13678-68-7,CC(=O)SCC1=CC=CO1,0,,False
445,2-Chloro-2-Methyl Propane,,2,H225,1,15.6,7.6,2,50.5,397.3,0.846,92.57,109.42,0.039,507-20-0,Cl[C@](C)(C)C,0,,False
446,Isopropyl Ether,,2     7,H225 - H336,1,15.1,3.2,3.2,69,198.6,0.725,102.17,140.92,0.038,108-20-3,CC(C)OC(C)C,0,,True
447,"2H-Pyran, 3,4-Dihydro-2-Methoxy-",,2     7,H225-H315-H319,1,17,5.6,5.9,126,14.5,1.006,114.14,113.46,0.127,4454-05-1,COC1CCC=CO1,0,,True
448,"1,2-Propyleneglycol sulfite",,7,H319,3,18.9,9.2,5.2,178,1.7,1.293,122.14,94.46,11.65,1469-73-4,CC1COS(=O)O1,0,,False
449,"4,6-Dimethylpyrimidine",,2     7,H226-H315-H319-H335,3,18.1,8.1,5.5,159,5.6,0.98,108.14,110.35,25.676,1558-17-4,Cc1cc(C)ncn1,0,,False
450,2(5H)-Thiophenone,,7,H315 - H319 - H335,3,19.3,7.3,8.4,230,0.1,1.24,100.14,80.76,99.696,3354-32-3 ,O=C1SCC=C1,0,,False
451,γ-Thiobutyrolactone,,7,H302,3,19,6.9,6.2,233,0.1,1.18,102.15,86.57,13.051,1003-10-7,C1CC(=O)SC1,0,,False
452,Isopropyl acetoacetate,,7,H227-H315-H319-H335,1,16.4,7.3,6.2,187,0.9,0.988,144.17,145.92,0.108,542-08-5 ,CC(C)OC(=O)CC(C)=O,0,,True
453,"2-Ethyl-4-methyl-1,3-dioxolane",,2,H226,1,16.1,5.3,5,117,20,0.904,116.16,128.5,9.293,4359-46-0,CCC1OCC(O1)C,0,,True
454,2-Methyl 5-(Methyl Thio) Furan,,2,H226,3,18.8,5.9,5,172,3.7,1.063,128.19,120.59,17.858,13678-59-6,CC1=CC=C(O1)SC,0,,False
455,Isobutyl Alcohol,,2     5     7,H226-H315-H318-H335-H336,1,15.1,5.7,15.9,108,13.9,0.803,74.12,92.3,0.063,78-83-1,CC(C)CO,0,,True
456,1-Nonanol,,7     9,H227-H315-H319-H332-H411,2,16,4.8,11,215,0,0.827,144.25,174.43,0.086,143-08-8,CCCCCCCCCO,1,,True
457,2-Nonanol,,7,H227-H315-H319,3,16.1,4.2,8.2,197,0.1,0.825,144.26,174.86,0.957,628-99-9,CC(O)CCCCCCC,0,,True
458,1-Decanol,,7     9,H227-H319-H412,1,16,4.7,10.5,231,0,0.828,158.29,191.17,0.037,112-30-1,CCCCCCCCCCO,1,,True
459,1-Heptanol,,7,H227-H319,1,16,5.3,11.7,176,0.3,0.82,116.2,141.71,0.054,111-70-6,CCCCCCCO,0,,True
460,2-Heptanol,,2     7,H226-H312-H315-H319,2,15.7,5.4,11.7,162,1.6,0.817,116.2,142.23,0.34,543-49-7,CCCCCC(O)C,0,,True
461,Cycloheptanol,,2,H226,3,17.3,4.7,10.8,185,0.3,0.948,114.19,120.45,1.737,502-41-0,OC1CCCCCC1,0,,True
462,1-Pentanol,,2     7,H226-H315-H319-H332-H335,1,15.9,5.9,13.9,138,2.9,0.812,88.15,108.56,0.079,71-41-0,CCCCCO,0,,True
463,2-Pentanol,,2     7,EUH066-H226-H332-H335,2,15.6,6.4,13.3,119,8.1,0.811,88.15,108.69,0.085,6032-29-7,CC(O)CCC,0,,True
464,3-Pentanol,,2     7,H226-H315-H319-H332-H335,1,15.7,5.6,11.2,116,11.7,0.815,88.15,108.16,0.31,584-02-1,CCC(O)CC,0,,True
465,Pentane,,2     7     8     9,EUH066-H225-H304-H336-H411,2,14.5,0,0,36,685.3,0.626,72.15,115.26,0.149,109-66-0,CCCCC,1,,True
466,Hexane,,2     7     8     9,H225-H304-H315-H336-H361f-H373-H411,3,14.9,0,0,69,204,0.659,86.18,130.77,0.079,110-54-3,CCCCCC,1,,True
467,Heptane,,2     7     8     9,H225-H304-H315-H336-H410,2,15.3,0,0,99,61.3,0.684,100.2,146.49,0.134,142-82-5,CCCCCCC,1,,True
468,Octane,,2     7     8     9,H225-H304-H315-H336-H410,2,15.5,0,0,126,18.7,0.703,114.23,162.49,0.6,111-65-9,CCCCCCCC,1,,True
469,Nonane,,2     7     8     9,H226-H304-H315-H336-H410,3,15.7,0,0,152,5.9,0.718,128.26,178.64,0.232,111-84-2,CCCCCCCCC,1,,True
470,"2,2-Dimethylpropanal",,2     7,H225-H315-H319-H335,3,15,6.7,4.5,77.5,128.7,0.793,86.13,108.61,4.47,630-19-3,CC(C)(C)C=O,0,Air Sensitive. Store under Nitrogen,True
471,2-Methylbutanal,,2     7     9,H225-H317-H319-H335-H411,1,15.6,7,4.9,92,65.7,0.804,86.13,107.13,0.587,96-17-3,CC(C=O)CC,1,Air Sensitive,True
472,Isovaleraldehyde,,2     7     9,H225-H317-H319-H335-H411,2,14.7,9.5,5,92.5,66.7,0.8,86.13,107.66,0.071,590-86-3,CC(C)CC=O,1,Light and air sensitive,True
473,Pentanal (Valeraldehyde),,2     7,H225-H317-H319-H332-H335,1,15.7,9.4,5.8,103,34.7,0.81,86.13,106.33,0.042,110-62-3,CCCCC=O,0,Air sensitive,True
474,1-Heptanal,,2     7     9,H226-H315-H412,3,16,6.5,4.8,153,4.7,0.85,114.19,134.34,0.061,111-71-7,CCCCCCC=O,1,Air sensitive,True
475,Cyclohexanecarboxaldehyde,,2     7,H226-H315-H319-H335,3,17.1,6.4,4.7,159,3.3,0.93,112.17,120.61,1.488,2043-61-0,O=CC1CCCCC1,0,Air sensitive,True
476,Cyclopentanecarboxaldehyde,,2     7,H226-H315-H319-H335,3,17.1,6.8,5.1,141,11.3,0.919,98.14,106.79,24.262,872-53-7,[H]C(=O)C1CCCC1,0,Light sensitive,True
477,Tetraethylorthosilicate,,2     6,H226-H319-H331-H332-H335,1,13.9,4.3,0.6,168,2.5,0.933,208.33,223.29,0.067,78-10-4,CCO[Si](OCC)(OCC)OCC,1,Degrades in water,False
478,Tetraethylsilane,,2     7,H226-H315-H319-H335,3,14.4,1.2,1,155,6.7,0.767,144.33,188.17,7,631-36-7,CC[Si](CC)(CC)CC,0,,False
479,Ethyl Butyl Ketone,,2     7,H226-H319-H332,3,16.2,5,4.1,149,3.5,0.818,114.19,139.6,0.226,106-35-4,O=C(CC)CCCC,0,,True
480,Dipropyl Ketone,,2     7,H226-H332,2,15.8,7.6,4.9,145,6.9,0.817,114.19,139.77,0.224,123-19-3,CCCC(CCC)=O,0,,True
481,Thiophenol,,2     6     8     9,H226-H300+H310+H330-H315-H319-H335-H361-H371-H372-H410,3,20,4.5,10.3,168,2.6,1.075,110.18,102.49,0.124,108-98-5,C1=CC=C(C=C1)S,1,Air Sensitive. Store under Nitrogen,False
482,Benzyl Mercaptan,,6     9,H227-H302-H319-H330-H410,3,19.3,4.8,5.6,195,0.5,1.058,124.2,117.39,0.254,100-53-8,SCC1=CC=CC=C1,1,Air Sensitive,False
483,2-Phenethyl Mercaptan,,7,H302-H319,3,18.9,4.6,5.2,218,0.3,1.032,138.23,133.94,2.064,4410-99-5,C1=CC=C(C=C1)CCS,0,,False
484,Cyclohexanethiol,,2     7     9,H226-302-H315-H319-H332-H335-H411,3,17.5,3.8,4.5,160,13.3,0.95,116.22,122.34,0.276,1569-69-3,SC1CCCCC1,1,,False
485,4-tert-Butylthiophenol,,7,H315-H319-H335,3,18.1,1.8,3.2,238,0.1,0.964,166.28,172.49,11.337,2396-68-1,CC(C)(C)c1ccc(S)cc1,0,Air sensitive. Store under inert gas,False
486,Dicyclohexyl Disulfide,,7,H315 - H319 - H335,3,17.6,3.5,3.2,331,0,1.046,230.43,220.3,1.831,2550-40-5,C1CCC(CC1)SSC2CCCCC2,0,,False
487,Ethanethiol (Ethyl Mercaptan),,2     7     9,H224-H302+H332-H317-H410,3,15.7,6.5,7.1,35,705.7,0.839,62.13,74.05,0.075,75-08-1,CCS,1,,False
488,1-Propanethiol,,2     5     7     9,H225-H302-H315-H318-H335-H400,3,16.1,5.8,5.7,68,205.6,0.82,76.16,92.88,0.123,107-03-9,CCCS,1,Air Sensitive,False
489,2-Propanethiol,,2     6     7     9,H225-H302-H317-H319-H331-H410,3,16.3,6.8,6.5,60,369.7,0.82,76.16,92.88,0.079,75-33-2,CC(S)C,1,Air Sensitive. Store under Nitrogen,False
490,Pentyl Mercaptan,,2     7,H225-H302+H332-H315-H319-H332-H335,3,16.4,4.4,4.8,126,18.4,0.84,104.22,124.07,1.747,110-66-7,CCCCCS,0,Air Sensitive,False
491,Hexyl Mercaptan,,2     6,H226-H302-H331,3,16.4,4.2,4.4,154,5.6,0.832,118.24,142.12,0.562,111-31-9,SCCCCCC,1,Air Sensitive,False
492,"1,6-Hexane Dithiol",,7,H302-H312-H332,3,17.6,6.2,6.2,243,0.1,0.983,150.3,152.9,0.651,1191-43-1,C(CCCS)CCS,0,,False
493,Heptyl Mercaptan,,2     7,H226-H335,3,16.5,4.2,4.1,176,1.7,0.844,132.27,156.72,0.852,1639-09-4,CCCCCCCS,0,Air Sensitive,False
494,Octyl Mercaptan,,2     9,H227-H317-H410,3,16.5,3.5,3.7,199,0.6,0.843,146.29,173.53,0.048,111-88-6,CCCCCCCCS,1,,False
495,Nonyl Mercaptan,,7,H315-H319-H335,3,16.5,3.4,3.7,220,0.2,0.842,160.32,190.4,1.25,1455-21-6,CCCCCCCCCS,0,,False
496,Tert-Butyl Mercaptan,,2     7     8     9,H225-H304-H317-H319-H411,3,15.4,3.9,4.1,65,241.3,0.8,90.19,112.74,0.186,75-66-1,S[C@](C)(C)C,1,,False
497,Tert-Butylbenzene,,2     7,H226 - H319,3,16.5,1.2,1.9,169,2.9,0.867,134.22,154.81,0.062,98-06-6,CC(C)(C1=CC=CC=C1)C,0,,True
498,Methyl-t-Butyl Ether,,2     7,H225-H315,1,14.8,4.3,5,56,333.3,0.742,88.15,118.8,0.04,1634-04-4,CC(C)(C)OC,0,,True
499,Ethylene Dichloride,,2     6     8,H225-H302-H315-H319-H331-H335-H336-H350,3,18,7.4,4.1,83,105.2,1.256,98.96,78.79,0.046,107-06-2,C(CCl)Cl,3,,False
